2026-04-22 09:29:36,787 INFO ensemble_dir=/home/aneitzel/projects/ArqueoGal/models/main/xp_abundances/20260422_38a993e_9511648_joint cfg_hash=9511648 sha=38a993e input_dim=139 labels=('teff_apogee', 'logg_apogee', 'mh_apogee', 'alpha_m_apogee', 'mg_h_apogee') seeds=(0, 1, 2, 3, 4) queue=8192 barlow=1.0
2026-04-22 09:29:36,888 INFO device=cuda
2026-04-22 09:29:36,889 INFO === training joint-ensemble member seed=0 ===
2026-04-22 09:29:39,137 INFO dropping 13906/292948 rows with NaN in XP features
2026-04-22 09:29:39,994 INFO fit label scaler on 195295 train stars — Teff mean=4614.9 scale=267.5, logg mean=2.36 scale=0.52, [M/H] mean=-0.26 scale=0.34
2026-04-22 09:29:41,839 INFO momentum queue enabled: size=8192, D=32, n_labels=5, warm_start=True
2026-04-22 09:29:52,030 INFO epoch 0: train_loss=10.0155 val_loss=9.2362 tau=0.100 grad_max=303.60 grad_mean=6.97
2026-04-22 09:29:52,462 INFO first-epoch sanity teff_apogee: mean_pred=4627 mean_truth=4615 std_truth=267.6 dev=12.49
2026-04-22 09:29:52,462 INFO first-epoch sanity logg_apogee: mean_pred=2.383 mean_truth=2.362 std_truth=0.5159 dev=0.02069
2026-04-22 09:29:52,463 INFO first-epoch sanity mh_apogee: mean_pred=-0.2546 mean_truth=-0.2572 std_truth=0.3443 dev=0.002607
2026-04-22 09:29:52,463 INFO first-epoch sanity alpha_m_apogee: mean_pred=0.08456 mean_truth=0.0866 std_truth=0.09543 dev=0.002044
2026-04-22 09:29:52,464 INFO first-epoch sanity mg_h_apogee: mean_pred=-0.1527 mean_truth=-0.1514 std_truth=0.2902 dev=0.001291
2026-04-22 09:30:01,337 INFO epoch 1: train_loss=9.6872 val_loss=9.0271 tau=0.098 grad_max=9.25 grad_mean=3.09
2026-04-22 09:30:09,985 INFO epoch 2: train_loss=9.6591 val_loss=9.1891 tau=0.098 grad_max=13.74 grad_mean=3.43
2026-04-22 09:30:18,456 INFO epoch 3: train_loss=9.6497 val_loss=9.2619 tau=0.096 grad_max=10.14 grad_mean=3.49
2026-04-22 09:30:27,461 INFO epoch 4: train_loss=9.6461 val_loss=9.3021 tau=0.094 grad_max=13.68 grad_mean=3.49
2026-04-22 09:30:36,273 INFO epoch 5: train_loss=9.6232 val_loss=8.3550 tau=0.095 grad_max=10.57 grad_mean=3.78
2026-04-22 09:30:44,817 INFO epoch 6: train_loss=9.5435 val_loss=8.2708 tau=0.099 grad_max=15.71 grad_mean=5.43
2026-04-22 09:30:53,341 INFO epoch 7: train_loss=9.4504 val_loss=7.9442 tau=0.102 grad_max=36.18 grad_mean=10.27
2026-04-22 09:31:01,959 INFO epoch 8: train_loss=9.3241 val_loss=7.4155 tau=0.105 grad_max=114.57 grad_mean=23.23
2026-04-22 09:31:10,145 INFO epoch 9: train_loss=9.1795 val_loss=7.2186 tau=0.106 grad_max=159.93 grad_mean=44.16
2026-04-22 09:31:18,262 INFO epoch 10: train_loss=9.0848 val_loss=7.0001 tau=0.108 grad_max=290.48 grad_mean=78.30
2026-04-22 09:31:26,324 INFO epoch 11: train_loss=9.0020 val_loss=6.7328 tau=0.109 grad_max=378.75 grad_mean=94.60
2026-04-22 09:31:34,379 INFO epoch 12: train_loss=8.9337 val_loss=6.5737 tau=0.110 grad_max=516.99 grad_mean=127.87
2026-04-22 09:31:42,532 INFO epoch 13: train_loss=8.8980 val_loss=6.4793 tau=0.110 grad_max=610.70 grad_mean=184.57
2026-04-22 09:31:50,806 INFO epoch 14: train_loss=8.9033 val_loss=6.4374 tau=0.111 grad_max=859.28 grad_mean=261.96
2026-04-22 09:31:59,153 INFO epoch 15: train_loss=8.8675 val_loss=6.3636 tau=0.112 grad_max=968.25 grad_mean=262.67
2026-04-22 09:32:07,314 INFO epoch 16: train_loss=8.8096 val_loss=6.4130 tau=0.112 grad_max=928.80 grad_mean=233.91
2026-04-22 09:32:15,436 INFO epoch 17: train_loss=8.8248 val_loss=6.3116 tau=0.113 grad_max=1134.45 grad_mean=305.18
2026-04-22 09:32:23,571 INFO epoch 18: train_loss=8.9677 val_loss=6.2038 tau=0.115 grad_max=1116.74 grad_mean=428.01
2026-04-22 09:32:31,831 INFO epoch 19: train_loss=8.8566 val_loss=6.1743 tau=0.116 grad_max=681.20 grad_mean=380.04
2026-04-22 09:32:39,817 INFO epoch 20: train_loss=8.8399 val_loss=6.1713 tau=0.118 grad_max=696.98 grad_mean=367.26
2026-04-22 09:32:48,062 INFO epoch 21: train_loss=8.8087 val_loss=6.0871 tau=0.120 grad_max=624.75 grad_mean=346.22
2026-04-22 09:32:56,286 INFO epoch 22: train_loss=8.7709 val_loss=5.9414 tau=0.124 grad_max=572.02 grad_mean=331.49
2026-04-22 09:33:04,524 INFO epoch 23: train_loss=8.7169 val_loss=5.8406 tau=0.126 grad_max=579.44 grad_mean=315.28
2026-04-22 09:33:12,828 INFO epoch 24: train_loss=8.6231 val_loss=5.7554 tau=0.126 grad_max=554.93 grad_mean=284.61
2026-04-22 09:33:21,465 INFO epoch 25: train_loss=8.5050 val_loss=5.5678 tau=0.127 grad_max=545.56 grad_mean=262.91
2026-04-22 09:33:30,351 INFO epoch 26: train_loss=8.4395 val_loss=5.3057 tau=0.131 grad_max=797.44 grad_mean=283.00
2026-04-22 09:33:39,621 INFO epoch 27: train_loss=8.2480 val_loss=5.1193 tau=0.135 grad_max=1007.19 grad_mean=324.67
2026-04-22 09:33:48,386 INFO epoch 28: train_loss=7.9858 val_loss=4.8610 tau=0.132 grad_max=892.78 grad_mean=323.35
2026-04-22 09:33:57,425 INFO epoch 29: train_loss=7.9351 val_loss=4.9888 tau=0.131 grad_max=986.36 grad_mean=365.23
2026-04-22 09:34:06,363 INFO epoch 30: train_loss=7.8920 val_loss=5.2530 tau=0.129 grad_max=953.14 grad_mean=388.03
2026-04-22 09:34:15,154 INFO epoch 31: train_loss=7.7736 val_loss=4.6610 tau=0.127 grad_max=942.63 grad_mean=385.00
2026-04-22 09:34:24,127 INFO epoch 32: train_loss=7.6605 val_loss=4.5691 tau=0.121 grad_max=1319.04 grad_mean=409.13
2026-04-22 09:34:33,037 INFO epoch 33: train_loss=7.5863 val_loss=4.4387 tau=0.118 grad_max=1018.06 grad_mean=408.70
2026-04-22 09:34:41,667 INFO epoch 34: train_loss=7.6292 val_loss=4.4094 tau=0.119 grad_max=1015.09 grad_mean=405.22
2026-04-22 09:34:50,194 INFO epoch 35: train_loss=7.5454 val_loss=4.4398 tau=0.120 grad_max=767.83 grad_mean=390.42
2026-04-22 09:34:58,597 INFO epoch 36: train_loss=7.4541 val_loss=4.4223 tau=0.121 grad_max=845.77 grad_mean=414.35
2026-04-22 09:35:06,968 INFO epoch 37: train_loss=7.4944 val_loss=4.3271 tau=0.122 grad_max=1100.54 grad_mean=408.75
2026-04-22 09:35:15,505 INFO epoch 38: train_loss=7.4237 val_loss=4.3017 tau=0.123 grad_max=780.04 grad_mean=385.47
2026-04-22 09:35:24,409 INFO epoch 39: train_loss=7.4543 val_loss=4.2511 tau=0.127 grad_max=1045.81 grad_mean=381.68
2026-04-22 09:35:32,993 INFO epoch 40: train_loss=7.4249 val_loss=4.5380 tau=0.129 grad_max=872.59 grad_mean=370.69
2026-04-22 09:35:41,700 INFO epoch 41: train_loss=7.3409 val_loss=4.4132 tau=0.133 grad_max=805.48 grad_mean=362.14
2026-04-22 09:35:50,266 INFO epoch 42: train_loss=7.3510 val_loss=4.2153 tau=0.134 grad_max=787.34 grad_mean=351.07
2026-04-22 09:35:58,833 INFO epoch 43: train_loss=7.2954 val_loss=4.2188 tau=0.135 grad_max=738.91 grad_mean=339.84
2026-04-22 09:36:07,525 INFO epoch 44: train_loss=7.3058 val_loss=4.1782 tau=0.135 grad_max=742.27 grad_mean=333.85
2026-04-22 09:36:16,057 INFO epoch 45: train_loss=7.2699 val_loss=4.2851 tau=0.136 grad_max=624.16 grad_mean=321.34
2026-04-22 09:36:24,450 INFO epoch 46: train_loss=7.2354 val_loss=4.3326 tau=0.133 grad_max=638.96 grad_mean=308.37
2026-04-22 09:36:33,000 INFO epoch 47: train_loss=7.2082 val_loss=4.1490 tau=0.130 grad_max=791.58 grad_mean=314.51
2026-04-22 09:36:41,623 INFO epoch 48: train_loss=7.1574 val_loss=4.0643 tau=0.127 grad_max=625.18 grad_mean=293.00
2026-04-22 09:36:50,254 INFO epoch 49: train_loss=7.1615 val_loss=4.0927 tau=0.130 grad_max=734.83 grad_mean=303.68
2026-04-22 09:36:58,841 INFO epoch 50: train_loss=7.1941 val_loss=4.1207 tau=0.134 grad_max=697.85 grad_mean=297.48
2026-04-22 09:37:07,741 INFO epoch 51: train_loss=7.1704 val_loss=4.0646 tau=0.133 grad_max=741.88 grad_mean=290.17
2026-04-22 09:37:16,364 INFO epoch 52: train_loss=7.1021 val_loss=3.9569 tau=0.131 grad_max=701.83 grad_mean=282.32
2026-04-22 09:37:25,093 INFO epoch 53: train_loss=7.0950 val_loss=4.0310 tau=0.129 grad_max=655.70 grad_mean=281.95
2026-04-22 09:37:34,070 INFO epoch 54: train_loss=7.0940 val_loss=4.2837 tau=0.131 grad_max=618.10 grad_mean=270.52
2026-04-22 09:37:43,477 INFO epoch 55: train_loss=7.0388 val_loss=4.1201 tau=0.130 grad_max=716.96 grad_mean=272.20
2026-04-22 09:37:53,866 INFO epoch 56: train_loss=7.0169 val_loss=3.9160 tau=0.129 grad_max=523.58 grad_mean=274.22
2026-04-22 09:38:05,077 INFO epoch 57: train_loss=7.0251 val_loss=4.0240 tau=0.132 grad_max=693.01 grad_mean=265.60
2026-04-22 09:38:14,460 INFO epoch 58: train_loss=6.9973 val_loss=3.8920 tau=0.127 grad_max=812.61 grad_mean=262.77
2026-04-22 09:38:23,909 INFO epoch 59: train_loss=6.9632 val_loss=3.9322 tau=0.126 grad_max=517.31 grad_mean=264.77
2026-04-22 09:38:33,022 INFO epoch 60: train_loss=6.9538 val_loss=3.8627 tau=0.126 grad_max=489.47 grad_mean=257.26
2026-04-22 09:38:42,307 INFO epoch 61: train_loss=6.9507 val_loss=4.0528 tau=0.124 grad_max=681.75 grad_mean=252.15
2026-04-22 09:38:52,464 INFO epoch 62: train_loss=6.9213 val_loss=3.7948 tau=0.122 grad_max=631.02 grad_mean=251.96
2026-04-22 09:39:02,943 INFO epoch 63: train_loss=6.8845 val_loss=3.8690 tau=0.122 grad_max=533.29 grad_mean=242.02
2026-04-22 09:39:13,621 INFO epoch 64: train_loss=6.8636 val_loss=3.8226 tau=0.120 grad_max=531.26 grad_mean=243.39
2026-04-22 09:39:25,472 INFO epoch 65: train_loss=6.8433 val_loss=3.8215 tau=0.120 grad_max=570.52 grad_mean=243.94
2026-04-22 09:39:35,929 INFO epoch 66: train_loss=6.8409 val_loss=3.7299 tau=0.122 grad_max=598.15 grad_mean=244.58
2026-04-22 09:39:47,030 INFO epoch 67: train_loss=6.8151 val_loss=3.7623 tau=0.121 grad_max=494.33 grad_mean=237.73
2026-04-22 09:39:57,622 INFO epoch 68: train_loss=6.7891 val_loss=3.8091 tau=0.123 grad_max=545.32 grad_mean=230.10
2026-04-22 09:40:06,790 INFO epoch 69: train_loss=6.7733 val_loss=3.7426 tau=0.122 grad_max=544.71 grad_mean=237.78
2026-04-22 09:40:15,742 INFO epoch 70: train_loss=6.7598 val_loss=3.7906 tau=0.118 grad_max=481.30 grad_mean=230.04
2026-04-22 09:40:27,723 INFO epoch 71: train_loss=6.7517 val_loss=3.7035 tau=0.115 grad_max=465.06 grad_mean=234.36
2026-04-22 09:40:40,049 INFO epoch 72: train_loss=6.7462 val_loss=3.7581 tau=0.117 grad_max=481.33 grad_mean=228.16
2026-04-22 09:40:52,020 INFO epoch 73: train_loss=6.7313 val_loss=3.7766 tau=0.117 grad_max=516.66 grad_mean=220.32
2026-04-22 09:41:02,376 INFO epoch 74: train_loss=6.7338 val_loss=3.7644 tau=0.116 grad_max=491.89 grad_mean=227.68
2026-04-22 09:41:12,926 INFO epoch 75: train_loss=6.7044 val_loss=3.6767 tau=0.118 grad_max=438.73 grad_mean=228.92
2026-04-22 09:41:22,226 INFO epoch 76: train_loss=6.6740 val_loss=3.8025 tau=0.118 grad_max=505.77 grad_mean=218.16
2026-04-22 09:41:31,478 INFO epoch 77: train_loss=6.6559 val_loss=3.6959 tau=0.119 grad_max=410.01 grad_mean=223.42
2026-04-22 09:41:41,428 INFO epoch 78: train_loss=6.6743 val_loss=3.6334 tau=0.119 grad_max=470.46 grad_mean=215.31
2026-04-22 09:41:51,680 INFO epoch 79: train_loss=6.6323 val_loss=3.5858 tau=0.117 grad_max=465.03 grad_mean=219.26
2026-04-22 09:42:05,452 INFO epoch 80: train_loss=6.6501 val_loss=3.7946 tau=0.121 grad_max=559.77 grad_mean=218.73
2026-04-22 09:42:16,307 INFO epoch 81: train_loss=6.6041 val_loss=3.6862 tau=0.117 grad_max=440.02 grad_mean=220.44
2026-04-22 09:42:27,244 INFO epoch 82: train_loss=6.6040 val_loss=3.5925 tau=0.116 grad_max=431.31 grad_mean=214.00
2026-04-22 09:42:36,531 INFO epoch 83: train_loss=6.6082 val_loss=3.6437 tau=0.117 grad_max=541.78 grad_mean=217.75
2026-04-22 09:42:48,560 INFO epoch 84: train_loss=6.5809 val_loss=3.5522 tau=0.114 grad_max=421.29 grad_mean=213.94
2026-04-22 09:42:57,809 INFO epoch 85: train_loss=6.5517 val_loss=3.6795 tau=0.114 grad_max=440.62 grad_mean=213.71
2026-04-22 09:43:08,955 INFO epoch 86: train_loss=6.5318 val_loss=3.5509 tau=0.115 grad_max=427.97 grad_mean=212.83
2026-04-22 09:43:22,005 INFO epoch 87: train_loss=6.5337 val_loss=3.5874 tau=0.116 grad_max=458.90 grad_mean=210.63
2026-04-22 09:43:36,140 INFO epoch 88: train_loss=6.5204 val_loss=3.5477 tau=0.117 grad_max=439.51 grad_mean=207.74
2026-04-22 09:43:48,458 INFO epoch 89: train_loss=6.5091 val_loss=3.5564 tau=0.117 grad_max=449.33 grad_mean=211.63
2026-04-22 09:44:03,864 INFO epoch 90: train_loss=6.4937 val_loss=3.5861 tau=0.119 grad_max=468.14 grad_mean=207.38
2026-04-22 09:44:15,540 INFO epoch 91: train_loss=6.5051 val_loss=3.5852 tau=0.121 grad_max=416.04 grad_mean=212.41
2026-04-22 09:44:28,325 INFO epoch 92: train_loss=6.4749 val_loss=3.5027 tau=0.122 grad_max=401.47 grad_mean=203.59
2026-04-22 09:44:40,683 INFO epoch 93: train_loss=6.4603 val_loss=3.5270 tau=0.123 grad_max=408.16 grad_mean=206.68
2026-04-22 09:44:52,074 INFO epoch 94: train_loss=6.4638 val_loss=3.4988 tau=0.122 grad_max=465.36 grad_mean=205.52
2026-04-22 09:45:05,153 INFO epoch 95: train_loss=6.4580 val_loss=3.5461 tau=0.124 grad_max=524.80 grad_mean=201.26
2026-04-22 09:45:18,053 INFO epoch 96: train_loss=6.4343 val_loss=3.4642 tau=0.122 grad_max=537.96 grad_mean=195.14
2026-04-22 09:45:32,885 INFO epoch 97: train_loss=6.4098 val_loss=3.5202 tau=0.119 grad_max=515.92 grad_mean=203.28
2026-04-22 09:45:46,412 INFO epoch 98: train_loss=6.4162 val_loss=3.4477 tau=0.119 grad_max=423.78 grad_mean=203.78
2026-04-22 09:45:56,680 INFO epoch 99: train_loss=6.3914 val_loss=3.4757 tau=0.116 grad_max=397.03 grad_mean=198.02
2026-04-22 09:46:06,419 INFO epoch 100: train_loss=6.3790 val_loss=3.4490 tau=0.116 grad_max=484.22 grad_mean=196.24
2026-04-22 09:46:17,982 INFO epoch 101: train_loss=6.3605 val_loss=3.4426 tau=0.114 grad_max=554.72 grad_mean=208.38
2026-04-22 09:46:29,266 INFO epoch 102: train_loss=6.3393 val_loss=3.4446 tau=0.113 grad_max=420.49 grad_mean=190.77
2026-04-22 09:46:42,891 INFO epoch 103: train_loss=6.3731 val_loss=3.5072 tau=0.115 grad_max=568.64 grad_mean=209.71
2026-04-22 09:46:57,708 INFO epoch 104: train_loss=6.3313 val_loss=3.4250 tau=0.114 grad_max=404.22 grad_mean=201.70
2026-04-22 09:47:12,446 INFO epoch 105: train_loss=6.3091 val_loss=3.4097 tau=0.114 grad_max=390.30 grad_mean=193.08
2026-04-22 09:47:26,465 INFO epoch 106: train_loss=6.3117 val_loss=3.4119 tau=0.115 grad_max=443.86 grad_mean=193.44
2026-04-22 09:47:38,597 INFO epoch 107: train_loss=6.2854 val_loss=3.4356 tau=0.115 grad_max=420.49 grad_mean=194.10
2026-04-22 09:47:50,840 INFO epoch 108: train_loss=6.3155 val_loss=3.4742 tau=0.115 grad_max=610.11 grad_mean=202.47
2026-04-22 09:48:01,819 INFO epoch 109: train_loss=6.2879 val_loss=3.5050 tau=0.114 grad_max=520.09 grad_mean=196.58
2026-04-22 09:48:14,193 INFO epoch 110: train_loss=6.2625 val_loss=3.4030 tau=0.111 grad_max=411.32 grad_mean=187.45
2026-04-22 09:48:25,694 INFO epoch 111: train_loss=6.2827 val_loss=3.3483 tau=0.113 grad_max=493.82 grad_mean=198.25
2026-04-22 09:48:35,218 INFO epoch 112: train_loss=6.2398 val_loss=3.3849 tau=0.113 grad_max=391.18 grad_mean=191.71
2026-04-22 09:48:44,706 INFO epoch 113: train_loss=6.2375 val_loss=3.3528 tau=0.112 grad_max=416.39 grad_mean=191.06
2026-04-22 09:48:53,473 INFO epoch 114: train_loss=6.2239 val_loss=3.3963 tau=0.109 grad_max=373.26 grad_mean=187.65
2026-04-22 09:49:02,160 INFO epoch 115: train_loss=6.2228 val_loss=3.3601 tau=0.108 grad_max=400.99 grad_mean=189.56
2026-04-22 09:49:10,533 INFO epoch 116: train_loss=6.2257 val_loss=3.3456 tau=0.108 grad_max=585.30 grad_mean=197.36
2026-04-22 09:49:19,508 INFO epoch 117: train_loss=6.2067 val_loss=3.3490 tau=0.110 grad_max=512.02 grad_mean=183.88
2026-04-22 09:49:28,550 INFO epoch 118: train_loss=6.1908 val_loss=3.3392 tau=0.111 grad_max=410.84 grad_mean=186.78
2026-04-22 09:49:37,736 INFO epoch 119: train_loss=6.1818 val_loss=3.3513 tau=0.111 grad_max=496.62 grad_mean=188.40
2026-04-22 09:49:47,000 INFO epoch 120: train_loss=6.1815 val_loss=3.3160 tau=0.111 grad_max=518.78 grad_mean=187.44
2026-04-22 09:49:55,839 INFO epoch 121: train_loss=6.1524 val_loss=3.3426 tau=0.111 grad_max=426.11 grad_mean=177.05
2026-04-22 09:50:04,498 INFO epoch 122: train_loss=6.1685 val_loss=3.2979 tau=0.110 grad_max=537.62 grad_mean=193.93
2026-04-22 09:50:12,685 INFO epoch 123: train_loss=6.1642 val_loss=3.2984 tau=0.107 grad_max=523.98 grad_mean=186.36
2026-04-22 09:50:21,784 INFO epoch 124: train_loss=6.1321 val_loss=3.3398 tau=0.105 grad_max=544.67 grad_mean=174.75
2026-04-22 09:50:30,335 INFO epoch 125: train_loss=6.1182 val_loss=3.3099 tau=0.103 grad_max=514.14 grad_mean=178.76
2026-04-22 09:50:38,928 INFO epoch 126: train_loss=6.1263 val_loss=3.3038 tau=0.103 grad_max=492.70 grad_mean=189.18
2026-04-22 09:50:47,500 INFO epoch 127: train_loss=6.1031 val_loss=3.2755 tau=0.103 grad_max=544.26 grad_mean=172.06
2026-04-22 09:50:56,593 INFO epoch 128: train_loss=6.1172 val_loss=3.2891 tau=0.104 grad_max=558.52 grad_mean=193.09
2026-04-22 09:51:05,547 INFO epoch 129: train_loss=6.0970 val_loss=3.2695 tau=0.103 grad_max=577.82 grad_mean=173.89
2026-04-22 09:51:14,111 INFO epoch 130: train_loss=6.0777 val_loss=3.3085 tau=0.103 grad_max=409.16 grad_mean=170.53
2026-04-22 09:51:22,523 INFO epoch 131: train_loss=6.0717 val_loss=3.2655 tau=0.103 grad_max=469.04 grad_mean=158.52
2026-04-22 09:51:30,836 INFO epoch 132: train_loss=6.0775 val_loss=3.3078 tau=0.104 grad_max=478.34 grad_mean=169.07
2026-04-22 09:51:39,077 INFO epoch 133: train_loss=6.0614 val_loss=3.2627 tau=0.104 grad_max=387.17 grad_mean=164.46
2026-04-22 09:51:47,533 INFO epoch 134: train_loss=6.0689 val_loss=3.2526 tau=0.104 grad_max=480.13 grad_mean=162.95
2026-04-22 09:51:56,005 INFO epoch 135: train_loss=6.0552 val_loss=3.2701 tau=0.104 grad_max=398.37 grad_mean=172.25
2026-04-22 09:52:04,301 INFO epoch 136: train_loss=6.0537 val_loss=3.2786 tau=0.104 grad_max=447.21 grad_mean=159.45
2026-04-22 09:52:12,340 INFO epoch 137: train_loss=6.0540 val_loss=3.2346 tau=0.104 grad_max=525.52 grad_mean=170.56
2026-04-22 09:52:20,436 INFO epoch 138: train_loss=6.0321 val_loss=3.2465 tau=0.103 grad_max=404.29 grad_mean=160.00
2026-04-22 09:52:28,357 INFO epoch 139: train_loss=6.0348 val_loss=3.3036 tau=0.103 grad_max=491.47 grad_mean=154.20
2026-04-22 09:52:36,694 INFO epoch 140: train_loss=6.0293 val_loss=3.2549 tau=0.102 grad_max=430.01 grad_mean=163.14
2026-04-22 09:52:44,807 INFO epoch 141: train_loss=6.0212 val_loss=3.2264 tau=0.103 grad_max=383.68 grad_mean=167.82
2026-04-22 09:52:53,068 INFO epoch 142: train_loss=6.0105 val_loss=3.2402 tau=0.102 grad_max=389.25 grad_mean=150.06
2026-04-22 09:53:01,190 INFO epoch 143: train_loss=6.0149 val_loss=3.2334 tau=0.102 grad_max=526.98 grad_mean=160.20
2026-04-22 09:53:09,335 INFO epoch 144: train_loss=6.0000 val_loss=3.2289 tau=0.103 grad_max=490.13 grad_mean=148.65
2026-04-22 09:53:17,291 INFO epoch 145: train_loss=6.0102 val_loss=3.2255 tau=0.104 grad_max=457.76 grad_mean=161.48
2026-04-22 09:53:25,569 INFO epoch 146: train_loss=5.9868 val_loss=3.2294 tau=0.105 grad_max=350.64 grad_mean=144.24
2026-04-22 09:53:34,279 INFO epoch 147: train_loss=5.9817 val_loss=3.2083 tau=0.104 grad_max=414.12 grad_mean=141.04
2026-04-22 09:53:42,452 INFO epoch 148: train_loss=5.9802 val_loss=3.2204 tau=0.105 grad_max=496.99 grad_mean=156.00
2026-04-22 09:53:50,442 INFO epoch 149: train_loss=5.9728 val_loss=3.2196 tau=0.104 grad_max=350.88 grad_mean=135.58
2026-04-22 09:53:58,894 INFO epoch 150: train_loss=5.9602 val_loss=3.2155 tau=0.104 grad_max=378.82 grad_mean=137.81
2026-04-22 09:54:07,383 INFO epoch 151: train_loss=5.9554 val_loss=3.2032 tau=0.104 grad_max=363.33 grad_mean=137.82
2026-04-22 09:54:15,850 INFO epoch 152: train_loss=5.9589 val_loss=3.2069 tau=0.105 grad_max=401.38 grad_mean=139.20
2026-04-22 09:54:24,385 INFO epoch 153: train_loss=5.9549 val_loss=3.1919 tau=0.104 grad_max=388.98 grad_mean=133.62
2026-04-22 09:54:33,182 INFO epoch 154: train_loss=5.9435 val_loss=3.2341 tau=0.103 grad_max=289.63 grad_mean=121.84
2026-04-22 09:54:41,442 INFO epoch 155: train_loss=5.9472 val_loss=3.2141 tau=0.103 grad_max=327.04 grad_mean=134.13
2026-04-22 09:54:49,683 INFO epoch 156: train_loss=5.9408 val_loss=3.2012 tau=0.103 grad_max=425.98 grad_mean=138.65
2026-04-22 09:54:57,881 INFO epoch 157: train_loss=5.9385 val_loss=3.1909 tau=0.103 grad_max=357.94 grad_mean=132.49
2026-04-22 09:55:05,586 INFO epoch 158: train_loss=5.9246 val_loss=3.1921 tau=0.103 grad_max=308.33 grad_mean=125.61
2026-04-22 09:55:13,479 INFO epoch 159: train_loss=5.9203 val_loss=3.1882 tau=0.104 grad_max=303.28 grad_mean=115.71
2026-04-22 09:55:20,984 INFO epoch 160: train_loss=5.9147 val_loss=3.1758 tau=0.104 grad_max=278.74 grad_mean=116.17
2026-04-22 09:55:29,474 INFO epoch 161: train_loss=5.9165 val_loss=3.1628 tau=0.104 grad_max=286.72 grad_mean=114.84
2026-04-22 09:55:36,900 INFO epoch 162: train_loss=5.9121 val_loss=3.1722 tau=0.103 grad_max=281.22 grad_mean=113.40
2026-04-22 09:55:44,781 INFO epoch 163: train_loss=5.9000 val_loss=3.1784 tau=0.103 grad_max=306.17 grad_mean=114.24
2026-04-22 09:55:52,675 INFO epoch 164: train_loss=5.8990 val_loss=3.1671 tau=0.103 grad_max=252.35 grad_mean=105.97
2026-04-22 09:56:00,491 INFO epoch 165: train_loss=5.8982 val_loss=3.1693 tau=0.103 grad_max=280.98 grad_mean=114.87
2026-04-22 09:56:08,797 INFO epoch 166: train_loss=5.8924 val_loss=3.1680 tau=0.103 grad_max=286.90 grad_mean=112.08
2026-04-22 09:56:17,275 INFO epoch 167: train_loss=5.8885 val_loss=3.1605 tau=0.102 grad_max=241.93 grad_mean=107.08
2026-04-22 09:56:25,864 INFO epoch 168: train_loss=5.8846 val_loss=3.1566 tau=0.102 grad_max=272.71 grad_mean=107.95
2026-04-22 09:56:34,489 INFO epoch 169: train_loss=5.8843 val_loss=3.1611 tau=0.102 grad_max=274.14 grad_mean=103.87
2026-04-22 09:56:43,112 INFO epoch 170: train_loss=5.8825 val_loss=3.1619 tau=0.102 grad_max=253.62 grad_mean=103.89
2026-04-22 09:56:51,448 INFO epoch 171: train_loss=5.8733 val_loss=3.1792 tau=0.102 grad_max=230.73 grad_mean=102.38
2026-04-22 09:57:00,025 INFO epoch 172: train_loss=5.8741 val_loss=3.1621 tau=0.102 grad_max=268.96 grad_mean=98.10
2026-04-22 09:57:08,650 INFO epoch 173: train_loss=5.8693 val_loss=3.1565 tau=0.101 grad_max=232.94 grad_mean=98.43
2026-04-22 09:57:17,172 INFO epoch 174: train_loss=5.8660 val_loss=3.1579 tau=0.101 grad_max=276.12 grad_mean=96.46
2026-04-22 09:57:25,962 INFO epoch 175: train_loss=5.8677 val_loss=3.1574 tau=0.101 grad_max=269.03 grad_mean=98.68
2026-04-22 09:57:34,814 INFO epoch 176: train_loss=5.8619 val_loss=3.1502 tau=0.101 grad_max=274.55 grad_mean=95.54
2026-04-22 09:57:42,884 INFO epoch 177: train_loss=5.8547 val_loss=3.1539 tau=0.101 grad_max=210.98 grad_mean=84.75
2026-04-22 09:57:51,362 INFO epoch 178: train_loss=5.8556 val_loss=3.1496 tau=0.101 grad_max=198.40 grad_mean=90.56
2026-04-22 09:57:59,699 INFO epoch 179: train_loss=5.8570 val_loss=3.1444 tau=0.102 grad_max=188.08 grad_mean=84.45
2026-04-22 09:58:08,316 INFO epoch 180: train_loss=5.8528 val_loss=3.1483 tau=0.101 grad_max=212.27 grad_mean=85.75
2026-04-22 09:58:16,730 INFO epoch 181: train_loss=5.8529 val_loss=3.1411 tau=0.102 grad_max=214.94 grad_mean=81.07
2026-04-22 09:58:25,126 INFO epoch 182: train_loss=5.8520 val_loss=3.1432 tau=0.102 grad_max=217.07 grad_mean=80.80
2026-04-22 09:58:33,223 INFO epoch 183: train_loss=5.8484 val_loss=3.1431 tau=0.102 grad_max=178.41 grad_mean=75.82
2026-04-22 09:58:41,677 INFO epoch 184: train_loss=5.8422 val_loss=3.1434 tau=0.102 grad_max=171.87 grad_mean=76.16
2026-04-22 09:58:49,816 INFO epoch 185: train_loss=5.8455 val_loss=3.1461 tau=0.102 grad_max=176.68 grad_mean=80.84
2026-04-22 09:58:57,703 INFO epoch 186: train_loss=5.8418 val_loss=3.1422 tau=0.102 grad_max=175.33 grad_mean=76.40
2026-04-22 09:59:05,604 INFO epoch 187: train_loss=5.8389 val_loss=3.1406 tau=0.102 grad_max=164.27 grad_mean=76.51
2026-04-22 09:59:14,756 INFO epoch 188: train_loss=5.8378 val_loss=3.1443 tau=0.102 grad_max=152.80 grad_mean=71.48
2026-04-22 09:59:23,154 INFO epoch 189: train_loss=5.8380 val_loss=3.1408 tau=0.102 grad_max=160.60 grad_mean=71.49
2026-04-22 09:59:31,672 INFO epoch 190: train_loss=5.8406 val_loss=3.1399 tau=0.102 grad_max=180.03 grad_mean=72.74
2026-04-22 09:59:40,281 INFO epoch 191: train_loss=5.8334 val_loss=3.1430 tau=0.102 grad_max=176.25 grad_mean=70.62
2026-04-22 09:59:48,647 INFO epoch 192: train_loss=5.8345 val_loss=3.1400 tau=0.102 grad_max=141.05 grad_mean=66.96
2026-04-22 09:59:57,470 INFO epoch 193: train_loss=5.8382 val_loss=3.1374 tau=0.102 grad_max=137.20 grad_mean=68.34
2026-04-22 10:00:06,507 INFO epoch 194: train_loss=5.8321 val_loss=3.1381 tau=0.102 grad_max=128.22 grad_mean=64.43
2026-04-22 10:00:14,777 INFO epoch 195: train_loss=5.8336 val_loss=3.1385 tau=0.102 grad_max=159.87 grad_mean=66.03
2026-04-22 10:00:23,003 INFO epoch 196: train_loss=5.8357 val_loss=3.1381 tau=0.102 grad_max=139.67 grad_mean=64.54
2026-04-22 10:00:31,942 INFO epoch 197: train_loss=5.8327 val_loss=3.1376 tau=0.102 grad_max=153.19 grad_mean=61.85
2026-04-22 10:00:41,820 INFO epoch 198: train_loss=5.8325 val_loss=3.1377 tau=0.102 grad_max=143.34 grad_mean=64.07
2026-04-22 10:00:50,187 INFO epoch 199: train_loss=5.8338 val_loss=3.1378 tau=0.102 grad_max=135.55 grad_mean=60.23
2026-04-22 10:00:50,255 INFO member seed=0: best_val_loss=3.1374 at epoch 193
2026-04-22 10:00:50,255 INFO === training joint-ensemble member seed=1 ===
2026-04-22 10:00:59,384 INFO dropping 13906/292948 rows with NaN in XP features
2026-04-22 10:01:00,856 INFO fit label scaler on 195295 train stars — Teff mean=4614.9 scale=267.5, logg mean=2.36 scale=0.52, [M/H] mean=-0.26 scale=0.34
2026-04-22 10:01:01,182 INFO momentum queue enabled: size=8192, D=32, n_labels=5, warm_start=True
2026-04-22 10:01:09,109 INFO epoch 0: train_loss=9.8401 val_loss=9.1950 tau=0.099 grad_max=41.66 grad_mean=3.20
2026-04-22 10:01:09,533 INFO first-epoch sanity teff_apogee: mean_pred=4614 mean_truth=4615 std_truth=267.6 dev=1.021
2026-04-22 10:01:09,534 INFO first-epoch sanity logg_apogee: mean_pred=2.36 mean_truth=2.362 std_truth=0.5159 dev=0.001516
2026-04-22 10:01:09,534 INFO first-epoch sanity mh_apogee: mean_pred=-0.2622 mean_truth=-0.2572 std_truth=0.3443 dev=0.004952
2026-04-22 10:01:09,535 INFO first-epoch sanity alpha_m_apogee: mean_pred=0.08762 mean_truth=0.0866 std_truth=0.09543 dev=0.001011
2026-04-22 10:01:09,535 INFO first-epoch sanity mg_h_apogee: mean_pred=-0.1541 mean_truth=-0.1514 std_truth=0.2902 dev=0.002646
2026-04-22 10:01:19,725 INFO epoch 1: train_loss=9.6789 val_loss=8.9391 tau=0.098 grad_max=12.94 grad_mean=3.24
2026-04-22 10:01:29,353 INFO epoch 2: train_loss=9.6563 val_loss=9.0934 tau=0.097 grad_max=11.72 grad_mean=3.27
2026-04-22 10:01:38,589 INFO epoch 3: train_loss=9.6501 val_loss=9.1893 tau=0.095 grad_max=11.58 grad_mean=3.33
2026-04-22 10:01:47,629 INFO epoch 4: train_loss=9.6208 val_loss=8.3420 tau=0.096 grad_max=11.22 grad_mean=3.69
2026-04-22 10:01:56,642 INFO epoch 5: train_loss=9.5336 val_loss=8.1587 tau=0.099 grad_max=13.41 grad_mean=4.53
2026-04-22 10:02:05,812 INFO epoch 6: train_loss=9.4381 val_loss=7.8690 tau=0.102 grad_max=22.65 grad_mean=7.73
2026-04-22 10:02:14,874 INFO epoch 7: train_loss=9.3246 val_loss=7.5153 tau=0.104 grad_max=94.06 grad_mean=14.59
2026-04-22 10:02:24,401 INFO epoch 8: train_loss=9.1952 val_loss=7.3473 tau=0.105 grad_max=124.28 grad_mean=36.70
2026-04-22 10:02:34,881 INFO epoch 9: train_loss=9.0785 val_loss=7.0658 tau=0.106 grad_max=243.12 grad_mean=64.81
2026-04-22 10:02:43,211 INFO epoch 10: train_loss=8.9940 val_loss=6.8784 tau=0.107 grad_max=341.84 grad_mean=100.16
2026-04-22 10:02:51,682 INFO epoch 11: train_loss=8.9156 val_loss=6.6753 tau=0.108 grad_max=329.09 grad_mean=116.48
2026-04-22 10:03:01,465 INFO epoch 12: train_loss=8.8569 val_loss=6.6238 tau=0.108 grad_max=653.53 grad_mean=152.59
2026-04-22 10:03:10,442 INFO epoch 13: train_loss=8.8647 val_loss=6.4811 tau=0.109 grad_max=593.09 grad_mean=267.40
2026-04-22 10:03:19,842 INFO epoch 14: train_loss=8.8193 val_loss=6.3569 tau=0.109 grad_max=725.82 grad_mean=231.50
2026-04-22 10:03:29,491 INFO epoch 15: train_loss=8.8424 val_loss=6.2465 tau=0.110 grad_max=1014.17 grad_mean=285.06
2026-04-22 10:03:39,164 INFO epoch 16: train_loss=8.8075 val_loss=6.1868 tau=0.111 grad_max=766.39 grad_mean=328.55
2026-04-22 10:03:48,347 INFO epoch 17: train_loss=8.8341 val_loss=6.1680 tau=0.112 grad_max=758.13 grad_mean=359.28
2026-04-22 10:03:58,020 INFO epoch 18: train_loss=8.8123 val_loss=6.0983 tau=0.113 grad_max=747.46 grad_mean=364.56
2026-04-22 10:04:08,074 INFO epoch 19: train_loss=8.8016 val_loss=6.0840 tau=0.115 grad_max=722.23 grad_mean=359.63
2026-04-22 10:04:18,520 INFO epoch 20: train_loss=8.7929 val_loss=5.9721 tau=0.118 grad_max=702.16 grad_mean=349.12
2026-04-22 10:04:30,869 INFO epoch 21: train_loss=8.7460 val_loss=5.9287 tau=0.122 grad_max=685.29 grad_mean=342.83
2026-04-22 10:04:41,744 INFO epoch 22: train_loss=8.7111 val_loss=5.8283 tau=0.127 grad_max=601.24 grad_mean=323.30
2026-04-22 10:04:51,363 INFO epoch 23: train_loss=8.6125 val_loss=5.5664 tau=0.128 grad_max=657.45 grad_mean=294.88
2026-04-22 10:05:01,691 INFO epoch 24: train_loss=8.3969 val_loss=5.2547 tau=0.130 grad_max=832.16 grad_mean=253.72
2026-04-22 10:05:13,828 INFO epoch 25: train_loss=8.2144 val_loss=5.1563 tau=0.132 grad_max=1193.16 grad_mean=358.67
2026-04-22 10:05:24,198 INFO epoch 26: train_loss=8.1149 val_loss=5.2225 tau=0.133 grad_max=1202.34 grad_mean=441.74
2026-04-22 10:05:33,291 INFO epoch 27: train_loss=8.0837 val_loss=4.9374 tau=0.132 grad_max=1702.25 grad_mean=436.47
2026-04-22 10:05:43,271 INFO epoch 28: train_loss=7.9001 val_loss=4.8180 tau=0.127 grad_max=1353.06 grad_mean=438.19
2026-04-22 10:05:53,241 INFO epoch 29: train_loss=7.9515 val_loss=4.7365 tau=0.126 grad_max=1420.02 grad_mean=458.84
2026-04-22 10:06:02,379 INFO epoch 30: train_loss=7.8234 val_loss=4.6514 tau=0.125 grad_max=1133.56 grad_mean=459.79
2026-04-22 10:06:10,779 INFO epoch 31: train_loss=7.6724 val_loss=4.5348 tau=0.121 grad_max=1275.09 grad_mean=477.33
2026-04-22 10:06:19,305 INFO epoch 32: train_loss=7.6381 val_loss=4.4996 tau=0.119 grad_max=1490.16 grad_mean=471.49
2026-04-22 10:06:27,716 INFO epoch 33: train_loss=7.5169 val_loss=4.5251 tau=0.117 grad_max=917.97 grad_mean=471.84
2026-04-22 10:06:37,611 INFO epoch 34: train_loss=7.5932 val_loss=4.4067 tau=0.123 grad_max=1064.80 grad_mean=460.43
2026-04-22 10:06:47,025 INFO epoch 35: train_loss=7.5120 val_loss=4.4090 tau=0.124 grad_max=1305.38 grad_mean=466.59
2026-04-22 10:06:55,819 INFO epoch 36: train_loss=7.5243 val_loss=4.3898 tau=0.126 grad_max=1426.42 grad_mean=446.43
2026-04-22 10:07:04,953 INFO epoch 37: train_loss=7.5247 val_loss=4.2580 tau=0.128 grad_max=1131.16 grad_mean=440.03
2026-04-22 10:07:13,831 INFO epoch 38: train_loss=7.4074 val_loss=4.6071 tau=0.129 grad_max=1110.53 grad_mean=429.74
2026-04-22 10:07:22,313 INFO epoch 39: train_loss=7.3760 val_loss=4.2625 tau=0.128 grad_max=809.12 grad_mean=413.15
2026-04-22 10:07:30,907 INFO epoch 40: train_loss=7.4619 val_loss=4.3154 tau=0.134 grad_max=1111.40 grad_mean=405.94
2026-04-22 10:07:39,654 INFO epoch 41: train_loss=7.3481 val_loss=4.2063 tau=0.133 grad_max=809.48 grad_mean=388.29
2026-04-22 10:07:47,943 INFO epoch 42: train_loss=7.2618 val_loss=4.1608 tau=0.129 grad_max=693.51 grad_mean=383.87
2026-04-22 10:07:58,266 INFO epoch 43: train_loss=7.3240 val_loss=4.4663 tau=0.134 grad_max=873.10 grad_mean=372.07
2026-04-22 10:08:08,614 INFO epoch 44: train_loss=7.3066 val_loss=4.2468 tau=0.135 grad_max=859.57 grad_mean=365.15
2026-04-22 10:08:19,316 INFO epoch 45: train_loss=7.2767 val_loss=4.4144 tau=0.135 grad_max=942.64 grad_mean=356.29
2026-04-22 10:08:30,696 INFO epoch 46: train_loss=7.2224 val_loss=4.3331 tau=0.129 grad_max=795.10 grad_mean=346.62
2026-04-22 10:08:40,871 INFO epoch 47: train_loss=7.2738 val_loss=4.1574 tau=0.131 grad_max=812.30 grad_mean=335.92
2026-04-22 10:08:51,061 INFO epoch 48: train_loss=7.2489 val_loss=4.1434 tau=0.133 grad_max=738.47 grad_mean=319.22
2026-04-22 10:09:00,601 INFO epoch 49: train_loss=7.2518 val_loss=4.2660 tau=0.135 grad_max=880.68 grad_mean=318.33
2026-04-22 10:09:09,242 INFO epoch 50: train_loss=7.2002 val_loss=4.0604 tau=0.136 grad_max=736.99 grad_mean=314.51
2026-04-22 10:09:19,790 INFO epoch 51: train_loss=7.1864 val_loss=4.0770 tau=0.140 grad_max=677.41 grad_mean=302.58
2026-04-22 10:09:30,431 INFO epoch 52: train_loss=7.1508 val_loss=4.0329 tau=0.138 grad_max=798.39 grad_mean=305.90
2026-04-22 10:09:41,636 INFO epoch 53: train_loss=7.1339 val_loss=4.0040 tau=0.136 grad_max=725.71 grad_mean=303.73
2026-04-22 10:09:51,476 INFO epoch 54: train_loss=7.1224 val_loss=3.9689 tau=0.137 grad_max=712.07 grad_mean=289.51
2026-04-22 10:10:01,470 INFO epoch 55: train_loss=7.0595 val_loss=3.9695 tau=0.135 grad_max=619.95 grad_mean=285.81
2026-04-22 10:10:11,630 INFO epoch 56: train_loss=7.0558 val_loss=4.0155 tau=0.135 grad_max=704.81 grad_mean=284.21
2026-04-22 10:10:21,774 INFO epoch 57: train_loss=7.0314 val_loss=3.9140 tau=0.135 grad_max=674.41 grad_mean=276.51
2026-04-22 10:10:32,176 INFO epoch 58: train_loss=6.9967 val_loss=3.9598 tau=0.133 grad_max=609.20 grad_mean=283.77
2026-04-22 10:10:42,303 INFO epoch 59: train_loss=6.9658 val_loss=3.8719 tau=0.134 grad_max=589.75 grad_mean=276.50
2026-04-22 10:10:54,064 INFO epoch 60: train_loss=7.0129 val_loss=3.8634 tau=0.137 grad_max=590.28 grad_mean=260.83
2026-04-22 10:11:05,412 INFO epoch 61: train_loss=6.9395 val_loss=3.8557 tau=0.136 grad_max=553.33 grad_mean=269.24
2026-04-22 10:11:16,624 INFO epoch 62: train_loss=6.9071 val_loss=3.9412 tau=0.136 grad_max=607.66 grad_mean=266.81
2026-04-22 10:11:25,325 INFO epoch 63: train_loss=6.8975 val_loss=3.7712 tau=0.138 grad_max=465.68 grad_mean=255.66
2026-04-22 10:11:36,688 INFO epoch 64: train_loss=6.9071 val_loss=3.8110 tau=0.141 grad_max=644.62 grad_mean=257.33
2026-04-22 10:11:46,264 INFO epoch 65: train_loss=6.9057 val_loss=3.8200 tau=0.137 grad_max=581.97 grad_mean=255.10
2026-04-22 10:11:55,197 INFO epoch 66: train_loss=6.8628 val_loss=3.8369 tau=0.133 grad_max=639.96 grad_mean=249.89
2026-04-22 10:12:03,965 INFO epoch 67: train_loss=6.8319 val_loss=3.7729 tau=0.131 grad_max=527.37 grad_mean=240.45
2026-04-22 10:12:14,152 INFO epoch 68: train_loss=6.8299 val_loss=3.7424 tau=0.133 grad_max=538.89 grad_mean=243.86
2026-04-22 10:12:28,315 INFO epoch 69: train_loss=6.8268 val_loss=3.8074 tau=0.134 grad_max=647.61 grad_mean=237.31
2026-04-22 10:12:38,138 INFO epoch 70: train_loss=6.8019 val_loss=3.7434 tau=0.131 grad_max=550.85 grad_mean=247.81
2026-04-22 10:12:48,226 INFO epoch 71: train_loss=6.7305 val_loss=3.6714 tau=0.128 grad_max=480.84 grad_mean=245.76
2026-04-22 10:12:58,108 INFO epoch 72: train_loss=6.7276 val_loss=3.8013 tau=0.125 grad_max=542.12 grad_mean=244.97
2026-04-22 10:13:08,525 INFO epoch 73: train_loss=6.7513 val_loss=3.7688 tau=0.130 grad_max=497.58 grad_mean=233.48
2026-04-22 10:13:18,864 INFO epoch 74: train_loss=6.7028 val_loss=3.6799 tau=0.128 grad_max=601.31 grad_mean=226.51
2026-04-22 10:13:28,264 INFO epoch 75: train_loss=6.7189 val_loss=3.6712 tau=0.131 grad_max=808.10 grad_mean=237.19
2026-04-22 10:13:38,029 INFO epoch 76: train_loss=6.7461 val_loss=3.6707 tau=0.131 grad_max=785.39 grad_mean=239.41
2026-04-22 10:13:46,508 INFO epoch 77: train_loss=6.6875 val_loss=3.6572 tau=0.127 grad_max=540.76 grad_mean=227.30
2026-04-22 10:13:54,791 INFO epoch 78: train_loss=6.6564 val_loss=3.7112 tau=0.125 grad_max=583.86 grad_mean=232.12
2026-04-22 10:14:03,051 INFO epoch 79: train_loss=6.6684 val_loss=3.7008 tau=0.125 grad_max=471.26 grad_mean=225.33
2026-04-22 10:14:11,536 INFO epoch 80: train_loss=6.6581 val_loss=3.6395 tau=0.126 grad_max=542.43 grad_mean=223.13
2026-04-22 10:14:20,165 INFO epoch 81: train_loss=6.6129 val_loss=3.6976 tau=0.121 grad_max=479.65 grad_mean=225.04
2026-04-22 10:14:28,597 INFO epoch 82: train_loss=6.5993 val_loss=3.6198 tau=0.119 grad_max=477.36 grad_mean=228.98
2026-04-22 10:14:37,118 INFO epoch 83: train_loss=6.6211 val_loss=3.7201 tau=0.121 grad_max=614.15 grad_mean=227.39
2026-04-22 10:14:45,444 INFO epoch 84: train_loss=6.6110 val_loss=3.6592 tau=0.121 grad_max=578.77 grad_mean=224.03
2026-04-22 10:14:53,960 INFO epoch 85: train_loss=6.5913 val_loss=3.6255 tau=0.121 grad_max=528.35 grad_mean=229.32
2026-04-22 10:15:02,461 INFO epoch 86: train_loss=6.5640 val_loss=3.5750 tau=0.119 grad_max=561.27 grad_mean=231.36
2026-04-22 10:15:10,809 INFO epoch 87: train_loss=6.5478 val_loss=3.5921 tau=0.118 grad_max=537.17 grad_mean=224.23
2026-04-22 10:15:19,174 INFO epoch 88: train_loss=6.5101 val_loss=3.5807 tau=0.121 grad_max=466.57 grad_mean=229.93
2026-04-22 10:15:27,395 INFO epoch 89: train_loss=6.5480 val_loss=3.5690 tau=0.121 grad_max=694.24 grad_mean=225.64
2026-04-22 10:15:35,766 INFO epoch 90: train_loss=6.4957 val_loss=3.5785 tau=0.120 grad_max=487.71 grad_mean=227.57
2026-04-22 10:15:44,138 INFO epoch 91: train_loss=6.5092 val_loss=3.5585 tau=0.119 grad_max=499.84 grad_mean=221.61
2026-04-22 10:15:52,516 INFO epoch 92: train_loss=6.4859 val_loss=3.4994 tau=0.118 grad_max=685.95 grad_mean=220.11
2026-04-22 10:16:00,847 INFO epoch 93: train_loss=6.4707 val_loss=3.5065 tau=0.119 grad_max=588.12 grad_mean=222.43
2026-04-22 10:16:08,923 INFO epoch 94: train_loss=6.4722 val_loss=3.4519 tau=0.118 grad_max=506.16 grad_mean=218.52
2026-04-22 10:16:17,106 INFO epoch 95: train_loss=6.4447 val_loss=3.6055 tau=0.120 grad_max=645.91 grad_mean=217.23
2026-04-22 10:16:25,879 INFO epoch 96: train_loss=6.4166 val_loss=3.5914 tau=0.118 grad_max=437.06 grad_mean=220.52
2026-04-22 10:16:34,755 INFO epoch 97: train_loss=6.4336 val_loss=3.4721 tau=0.119 grad_max=547.62 grad_mean=215.44
2026-04-22 10:16:43,380 INFO epoch 98: train_loss=6.4155 val_loss=3.4886 tau=0.118 grad_max=523.66 grad_mean=214.18
2026-04-22 10:16:52,179 INFO epoch 99: train_loss=6.3864 val_loss=3.4640 tau=0.118 grad_max=505.42 grad_mean=211.13
2026-04-22 10:17:00,924 INFO epoch 100: train_loss=6.3997 val_loss=3.4848 tau=0.117 grad_max=577.57 grad_mean=217.37
2026-04-22 10:17:09,995 INFO epoch 101: train_loss=6.3843 val_loss=3.5254 tau=0.116 grad_max=467.22 grad_mean=211.65
2026-04-22 10:17:19,021 INFO epoch 102: train_loss=6.3648 val_loss=3.5626 tau=0.117 grad_max=458.78 grad_mean=213.38
2026-04-22 10:17:28,400 INFO epoch 103: train_loss=6.3549 val_loss=3.4348 tau=0.116 grad_max=430.80 grad_mean=210.94
2026-04-22 10:17:37,459 INFO epoch 104: train_loss=6.3355 val_loss=3.4492 tau=0.113 grad_max=481.12 grad_mean=216.78
2026-04-22 10:17:46,509 INFO epoch 105: train_loss=6.3341 val_loss=3.4377 tau=0.112 grad_max=437.28 grad_mean=212.90
2026-04-22 10:17:55,686 INFO epoch 106: train_loss=6.3311 val_loss=3.4472 tau=0.112 grad_max=441.99 grad_mean=203.45
2026-04-22 10:18:04,734 INFO epoch 107: train_loss=6.3472 val_loss=3.4762 tau=0.114 grad_max=493.24 grad_mean=214.71
2026-04-22 10:18:13,656 INFO epoch 108: train_loss=6.3083 val_loss=3.3841 tau=0.111 grad_max=727.69 grad_mean=213.30
2026-04-22 10:18:22,831 INFO epoch 109: train_loss=6.2906 val_loss=3.4752 tau=0.109 grad_max=419.72 grad_mean=190.28
2026-04-22 10:18:31,671 INFO epoch 110: train_loss=6.2662 val_loss=3.3749 tau=0.109 grad_max=498.17 grad_mean=204.58
2026-04-22 10:18:40,715 INFO epoch 111: train_loss=6.2608 val_loss=3.4611 tau=0.110 grad_max=437.26 grad_mean=195.81
2026-04-22 10:18:49,740 INFO epoch 112: train_loss=6.2740 val_loss=3.3817 tau=0.109 grad_max=568.83 grad_mean=200.07
2026-04-22 10:18:59,018 INFO epoch 113: train_loss=6.2899 val_loss=3.3823 tau=0.111 grad_max=566.35 grad_mean=214.63
2026-04-22 10:19:07,839 INFO epoch 114: train_loss=6.2807 val_loss=3.3816 tau=0.113 grad_max=543.32 grad_mean=210.90
2026-04-22 10:19:17,181 INFO epoch 115: train_loss=6.2397 val_loss=3.3415 tau=0.114 grad_max=470.21 grad_mean=192.41
2026-04-22 10:19:26,331 INFO epoch 116: train_loss=6.2133 val_loss=3.3437 tau=0.112 grad_max=445.40 grad_mean=192.97
2026-04-22 10:19:35,681 INFO epoch 117: train_loss=6.2136 val_loss=3.3495 tau=0.111 grad_max=404.85 grad_mean=198.03
2026-04-22 10:19:44,844 INFO epoch 118: train_loss=6.2012 val_loss=3.4082 tau=0.108 grad_max=509.41 grad_mean=192.53
2026-04-22 10:19:54,307 INFO epoch 119: train_loss=6.2068 val_loss=3.3553 tau=0.109 grad_max=614.06 grad_mean=200.32
2026-04-22 10:20:03,301 INFO epoch 120: train_loss=6.1930 val_loss=3.3832 tau=0.111 grad_max=505.10 grad_mean=197.78
2026-04-22 10:20:12,971 INFO epoch 121: train_loss=6.1831 val_loss=3.4045 tau=0.110 grad_max=452.31 grad_mean=189.10
2026-04-22 10:20:22,082 INFO epoch 122: train_loss=6.1678 val_loss=3.3232 tau=0.111 grad_max=581.99 grad_mean=188.38
2026-04-22 10:20:31,217 INFO epoch 123: train_loss=6.1554 val_loss=3.3622 tau=0.110 grad_max=432.36 grad_mean=183.19
2026-04-22 10:20:40,353 INFO epoch 124: train_loss=6.1676 val_loss=3.3333 tau=0.110 grad_max=468.32 grad_mean=190.99
2026-04-22 10:20:49,465 INFO epoch 125: train_loss=6.1420 val_loss=3.3092 tau=0.110 grad_max=492.56 grad_mean=178.67
2026-04-22 10:20:58,513 INFO epoch 126: train_loss=6.1274 val_loss=3.2859 tau=0.111 grad_max=474.92 grad_mean=176.21
2026-04-22 10:21:07,815 INFO epoch 127: train_loss=6.1282 val_loss=3.3077 tau=0.111 grad_max=457.69 grad_mean=179.88
2026-04-22 10:21:17,110 INFO epoch 128: train_loss=6.1455 val_loss=3.3122 tau=0.111 grad_max=454.53 grad_mean=192.18
2026-04-22 10:21:26,459 INFO epoch 129: train_loss=6.1497 val_loss=3.2720 tau=0.110 grad_max=662.23 grad_mean=197.10
2026-04-22 10:21:35,734 INFO epoch 130: train_loss=6.1373 val_loss=3.2862 tau=0.109 grad_max=514.31 grad_mean=188.91
2026-04-22 10:21:45,093 INFO epoch 131: train_loss=6.1002 val_loss=3.2823 tau=0.108 grad_max=450.73 grad_mean=177.71
2026-04-22 10:21:54,159 INFO epoch 132: train_loss=6.1073 val_loss=3.2573 tau=0.108 grad_max=552.59 grad_mean=178.77
2026-04-22 10:22:03,323 INFO epoch 133: train_loss=6.0990 val_loss=3.3274 tau=0.107 grad_max=409.70 grad_mean=188.47
2026-04-22 10:22:12,356 INFO epoch 134: train_loss=6.0885 val_loss=3.2665 tau=0.108 grad_max=482.75 grad_mean=182.81
2026-04-22 10:22:21,933 INFO epoch 135: train_loss=6.0699 val_loss=3.2994 tau=0.108 grad_max=451.04 grad_mean=165.06
2026-04-22 10:22:31,099 INFO epoch 136: train_loss=6.0735 val_loss=3.2589 tau=0.108 grad_max=517.00 grad_mean=177.58
2026-04-22 10:22:40,602 INFO epoch 137: train_loss=6.0641 val_loss=3.2562 tau=0.107 grad_max=446.22 grad_mean=177.94
2026-04-22 10:22:49,991 INFO epoch 138: train_loss=6.0459 val_loss=3.2359 tau=0.106 grad_max=396.68 grad_mean=159.01
2026-04-22 10:22:59,250 INFO epoch 139: train_loss=6.0499 val_loss=3.2558 tau=0.106 grad_max=445.00 grad_mean=164.01
2026-04-22 10:23:08,287 INFO epoch 140: train_loss=6.0546 val_loss=3.2972 tau=0.107 grad_max=426.19 grad_mean=174.73
2026-04-22 10:23:17,256 INFO epoch 141: train_loss=6.0489 val_loss=3.2515 tau=0.107 grad_max=424.25 grad_mean=174.53
2026-04-22 10:23:26,615 INFO epoch 142: train_loss=6.0343 val_loss=3.2675 tau=0.107 grad_max=398.71 grad_mean=158.51
2026-04-22 10:23:36,142 INFO epoch 143: train_loss=6.0271 val_loss=3.2449 tau=0.106 grad_max=432.58 grad_mean=157.19
2026-04-22 10:23:45,276 INFO epoch 144: train_loss=6.0181 val_loss=3.2354 tau=0.105 grad_max=395.22 grad_mean=150.81
2026-04-22 10:23:54,436 INFO epoch 145: train_loss=6.0216 val_loss=3.2330 tau=0.106 grad_max=371.15 grad_mean=154.31
2026-04-22 10:24:03,599 INFO epoch 146: train_loss=6.0046 val_loss=3.2577 tau=0.106 grad_max=391.95 grad_mean=140.31
2026-04-22 10:24:12,959 INFO epoch 147: train_loss=6.0041 val_loss=3.2232 tau=0.106 grad_max=338.05 grad_mean=141.04
2026-04-22 10:24:22,220 INFO epoch 148: train_loss=6.0046 val_loss=3.2274 tau=0.106 grad_max=385.65 grad_mean=153.01
2026-04-22 10:24:31,424 INFO epoch 149: train_loss=5.9960 val_loss=3.2202 tau=0.105 grad_max=328.10 grad_mean=139.84
2026-04-22 10:24:40,726 INFO epoch 150: train_loss=5.9808 val_loss=3.2274 tau=0.105 grad_max=431.19 grad_mean=138.01
2026-04-22 10:24:50,092 INFO epoch 151: train_loss=5.9798 val_loss=3.2435 tau=0.106 grad_max=443.97 grad_mean=139.18
2026-04-22 10:24:59,274 INFO epoch 152: train_loss=5.9780 val_loss=3.2253 tau=0.106 grad_max=433.27 grad_mean=140.15
2026-04-22 10:25:08,491 INFO epoch 153: train_loss=5.9754 val_loss=3.2225 tau=0.105 grad_max=437.41 grad_mean=144.93
2026-04-22 10:25:17,538 INFO epoch 154: train_loss=5.9683 val_loss=3.2042 tau=0.105 grad_max=357.11 grad_mean=136.44
2026-04-22 10:25:26,750 INFO epoch 155: train_loss=5.9617 val_loss=3.2034 tau=0.104 grad_max=340.55 grad_mean=128.87
2026-04-22 10:25:36,026 INFO epoch 156: train_loss=5.9542 val_loss=3.2167 tau=0.104 grad_max=439.41 grad_mean=132.96
2026-04-22 10:25:45,132 INFO epoch 157: train_loss=5.9479 val_loss=3.2208 tau=0.104 grad_max=353.76 grad_mean=133.03
2026-04-22 10:25:54,197 INFO epoch 158: train_loss=5.9448 val_loss=3.2140 tau=0.105 grad_max=312.78 grad_mean=122.75
2026-04-22 10:26:03,572 INFO epoch 159: train_loss=5.9404 val_loss=3.2199 tau=0.106 grad_max=286.99 grad_mean=121.69
2026-04-22 10:26:12,570 INFO epoch 160: train_loss=5.9309 val_loss=3.1908 tau=0.106 grad_max=262.61 grad_mean=114.86
2026-04-22 10:26:21,278 INFO epoch 161: train_loss=5.9339 val_loss=3.2023 tau=0.106 grad_max=298.86 grad_mean=116.86
2026-04-22 10:26:29,692 INFO epoch 162: train_loss=5.9302 val_loss=3.2310 tau=0.106 grad_max=276.36 grad_mean=123.63
2026-04-22 10:26:37,894 INFO epoch 163: train_loss=5.9253 val_loss=3.1857 tau=0.106 grad_max=272.46 grad_mean=122.62
2026-04-22 10:26:46,134 INFO epoch 164: train_loss=5.9207 val_loss=3.1773 tau=0.106 grad_max=347.84 grad_mean=116.58
2026-04-22 10:26:54,653 INFO epoch 165: train_loss=5.9149 val_loss=3.1715 tau=0.105 grad_max=365.25 grad_mean=116.85
2026-04-22 10:27:04,180 INFO epoch 166: train_loss=5.9105 val_loss=3.1868 tau=0.106 grad_max=258.79 grad_mean=109.23
2026-04-22 10:27:12,678 INFO epoch 167: train_loss=5.9084 val_loss=3.1887 tau=0.105 grad_max=307.17 grad_mean=115.04
2026-04-22 10:27:21,068 INFO epoch 168: train_loss=5.9087 val_loss=3.1778 tau=0.105 grad_max=269.64 grad_mean=122.10
2026-04-22 10:27:29,803 INFO epoch 169: train_loss=5.9027 val_loss=3.1820 tau=0.105 grad_max=305.70 grad_mean=108.87
2026-04-22 10:27:38,121 INFO epoch 170: train_loss=5.8989 val_loss=3.1833 tau=0.105 grad_max=228.95 grad_mean=103.69
2026-04-22 10:27:46,248 INFO epoch 171: train_loss=5.8943 val_loss=3.1710 tau=0.105 grad_max=236.95 grad_mean=99.16
2026-04-22 10:27:54,482 INFO epoch 172: train_loss=5.8934 val_loss=3.1763 tau=0.105 grad_max=225.95 grad_mean=102.37
2026-04-22 10:28:02,571 INFO epoch 173: train_loss=5.8899 val_loss=3.1746 tau=0.105 grad_max=253.42 grad_mean=100.21
2026-04-22 10:28:10,370 INFO epoch 174: train_loss=5.8900 val_loss=3.1673 tau=0.105 grad_max=264.61 grad_mean=101.04
2026-04-22 10:28:18,664 INFO epoch 175: train_loss=5.8843 val_loss=3.1650 tau=0.105 grad_max=251.35 grad_mean=95.88
2026-04-22 10:28:27,358 INFO epoch 176: train_loss=5.8876 val_loss=3.1672 tau=0.105 grad_max=275.72 grad_mean=100.92
2026-04-22 10:28:35,601 INFO epoch 177: train_loss=5.8837 val_loss=3.1589 tau=0.106 grad_max=198.87 grad_mean=91.11
2026-04-22 10:28:44,575 INFO epoch 178: train_loss=5.8819 val_loss=3.1659 tau=0.106 grad_max=270.11 grad_mean=94.36
2026-04-22 10:28:53,353 INFO epoch 179: train_loss=5.8761 val_loss=3.1680 tau=0.106 grad_max=218.99 grad_mean=88.72
2026-04-22 10:29:02,075 INFO epoch 180: train_loss=5.8741 val_loss=3.1630 tau=0.106 grad_max=264.11 grad_mean=92.74
2026-04-22 10:29:11,368 INFO epoch 181: train_loss=5.8751 val_loss=3.1607 tau=0.105 grad_max=239.54 grad_mean=85.39
2026-04-22 10:29:20,963 INFO epoch 182: train_loss=5.8748 val_loss=3.1574 tau=0.105 grad_max=232.36 grad_mean=89.09
2026-04-22 10:29:30,535 INFO epoch 183: train_loss=5.8706 val_loss=3.1589 tau=0.105 grad_max=184.18 grad_mean=83.97
2026-04-22 10:29:39,725 INFO epoch 184: train_loss=5.8659 val_loss=3.1561 tau=0.105 grad_max=207.66 grad_mean=78.32
2026-04-22 10:29:48,246 INFO epoch 185: train_loss=5.8648 val_loss=3.1613 tau=0.105 grad_max=183.85 grad_mean=73.42
2026-04-22 10:29:56,874 INFO epoch 186: train_loss=5.8667 val_loss=3.1561 tau=0.105 grad_max=170.49 grad_mean=73.28
2026-04-22 10:30:05,445 INFO epoch 187: train_loss=5.8623 val_loss=3.1574 tau=0.105 grad_max=181.61 grad_mean=77.29
2026-04-22 10:30:14,350 INFO epoch 188: train_loss=5.8626 val_loss=3.1539 tau=0.105 grad_max=186.99 grad_mean=77.62
2026-04-22 10:30:23,117 INFO epoch 189: train_loss=5.8592 val_loss=3.1553 tau=0.105 grad_max=152.72 grad_mean=73.58
2026-04-22 10:30:32,067 INFO epoch 190: train_loss=5.8614 val_loss=3.1536 tau=0.105 grad_max=159.22 grad_mean=71.82
2026-04-22 10:30:41,513 INFO epoch 191: train_loss=5.8580 val_loss=3.1553 tau=0.105 grad_max=206.87 grad_mean=70.40
2026-04-22 10:30:51,347 INFO epoch 192: train_loss=5.8578 val_loss=3.1525 tau=0.105 grad_max=180.90 grad_mean=72.07
2026-04-22 10:31:00,281 INFO epoch 193: train_loss=5.8549 val_loss=3.1547 tau=0.105 grad_max=166.21 grad_mean=66.14
2026-04-22 10:31:08,869 INFO epoch 194: train_loss=5.8545 val_loss=3.1559 tau=0.105 grad_max=123.55 grad_mean=61.54
2026-04-22 10:31:18,140 INFO epoch 195: train_loss=5.8567 val_loss=3.1551 tau=0.105 grad_max=134.70 grad_mean=67.05
2026-04-22 10:31:27,305 INFO epoch 196: train_loss=5.8504 val_loss=3.1548 tau=0.105 grad_max=148.26 grad_mean=61.93
2026-04-22 10:31:35,540 INFO epoch 197: train_loss=5.8538 val_loss=3.1548 tau=0.105 grad_max=142.08 grad_mean=62.84
2026-04-22 10:31:43,626 INFO epoch 198: train_loss=5.8556 val_loss=3.1545 tau=0.105 grad_max=144.85 grad_mean=62.60
2026-04-22 10:31:52,002 INFO epoch 199: train_loss=5.8528 val_loss=3.1546 tau=0.105 grad_max=132.65 grad_mean=61.60
2026-04-22 10:31:52,089 INFO member seed=1: best_val_loss=3.1525 at epoch 192
2026-04-22 10:31:52,089 INFO === training joint-ensemble member seed=2 ===
2026-04-22 10:32:11,318 INFO dropping 13906/292948 rows with NaN in XP features
2026-04-22 10:32:12,203 INFO fit label scaler on 195295 train stars — Teff mean=4614.9 scale=267.5, logg mean=2.36 scale=0.52, [M/H] mean=-0.26 scale=0.34
2026-04-22 10:32:12,533 INFO momentum queue enabled: size=8192, D=32, n_labels=5, warm_start=True
2026-04-22 10:32:21,646 INFO epoch 0: train_loss=9.8191 val_loss=9.0979 tau=0.100 grad_max=26.31 grad_mean=2.82
2026-04-22 10:32:22,083 INFO first-epoch sanity teff_apogee: mean_pred=4615 mean_truth=4615 std_truth=267.6 dev=0.2856
2026-04-22 10:32:22,083 INFO first-epoch sanity logg_apogee: mean_pred=2.379 mean_truth=2.362 std_truth=0.5159 dev=0.01699
2026-04-22 10:32:22,084 INFO first-epoch sanity mh_apogee: mean_pred=-0.2347 mean_truth=-0.2572 std_truth=0.3443 dev=0.02256
2026-04-22 10:32:22,084 INFO first-epoch sanity alpha_m_apogee: mean_pred=0.08365 mean_truth=0.0866 std_truth=0.09543 dev=0.002952
2026-04-22 10:32:22,085 INFO first-epoch sanity mg_h_apogee: mean_pred=-0.1337 mean_truth=-0.1514 std_truth=0.2902 dev=0.01775
2026-04-22 10:32:30,604 INFO epoch 1: train_loss=9.6750 val_loss=9.1987 tau=0.099 grad_max=10.86 grad_mean=3.05
2026-04-22 10:32:39,313 INFO epoch 2: train_loss=9.6525 val_loss=9.1580 tau=0.097 grad_max=9.45 grad_mean=3.08
2026-04-22 10:32:47,703 INFO epoch 3: train_loss=9.6399 val_loss=8.9157 tau=0.096 grad_max=10.98 grad_mean=3.47
2026-04-22 10:32:56,650 INFO epoch 4: train_loss=9.5999 val_loss=8.4030 tau=0.100 grad_max=11.52 grad_mean=3.92
2026-04-22 10:33:05,624 INFO epoch 5: train_loss=9.5076 val_loss=8.1273 tau=0.103 grad_max=19.71 grad_mean=5.68
2026-04-22 10:33:14,306 INFO epoch 6: train_loss=9.4224 val_loss=7.6636 tau=0.105 grad_max=36.09 grad_mean=10.46
2026-04-22 10:33:23,432 INFO epoch 7: train_loss=9.3316 val_loss=7.4306 tau=0.107 grad_max=74.48 grad_mean=19.74
2026-04-22 10:33:33,008 INFO epoch 8: train_loss=9.2120 val_loss=7.3857 tau=0.109 grad_max=149.66 grad_mean=38.46
2026-04-22 10:33:42,066 INFO epoch 9: train_loss=9.1085 val_loss=7.2686 tau=0.110 grad_max=209.93 grad_mean=61.19
2026-04-22 10:33:50,342 INFO epoch 10: train_loss=9.0332 val_loss=7.0025 tau=0.112 grad_max=294.45 grad_mean=77.02
2026-04-22 10:33:58,494 INFO epoch 11: train_loss=8.9690 val_loss=6.7536 tau=0.113 grad_max=369.10 grad_mean=93.51
2026-04-22 10:34:06,908 INFO epoch 12: train_loss=8.9189 val_loss=6.6549 tau=0.114 grad_max=570.65 grad_mean=129.35
2026-04-22 10:34:15,307 INFO epoch 13: train_loss=8.8869 val_loss=6.5448 tau=0.114 grad_max=601.15 grad_mean=180.72
2026-04-22 10:34:23,810 INFO epoch 14: train_loss=8.8854 val_loss=6.4747 tau=0.115 grad_max=503.43 grad_mean=257.00
2026-04-22 10:34:32,407 INFO epoch 15: train_loss=8.8823 val_loss=6.4620 tau=0.116 grad_max=527.78 grad_mean=273.64
2026-04-22 10:34:41,243 INFO epoch 16: train_loss=8.8889 val_loss=6.3485 tau=0.116 grad_max=526.93 grad_mean=296.23
2026-04-22 10:34:49,734 INFO epoch 17: train_loss=8.8948 val_loss=6.2964 tau=0.117 grad_max=558.99 grad_mean=309.75
2026-04-22 10:34:58,221 INFO epoch 18: train_loss=8.8807 val_loss=6.3427 tau=0.118 grad_max=600.03 grad_mean=317.95
2026-04-22 10:35:06,571 INFO epoch 19: train_loss=8.8614 val_loss=6.1921 tau=0.120 grad_max=612.47 grad_mean=320.14
2026-04-22 10:35:14,873 INFO epoch 20: train_loss=8.8427 val_loss=6.1324 tau=0.122 grad_max=524.89 grad_mean=315.86
2026-04-22 10:35:23,451 INFO epoch 21: train_loss=8.8019 val_loss=5.9998 tau=0.126 grad_max=536.53 grad_mean=313.10
2026-04-22 10:35:32,394 INFO epoch 22: train_loss=8.7476 val_loss=5.9563 tau=0.130 grad_max=550.60 grad_mean=304.55
2026-04-22 10:35:41,270 INFO epoch 23: train_loss=8.6963 val_loss=5.8986 tau=0.132 grad_max=527.08 grad_mean=292.85
2026-04-22 10:35:50,401 INFO epoch 24: train_loss=8.5817 val_loss=5.6699 tau=0.134 grad_max=505.01 grad_mean=247.58
2026-04-22 10:35:59,378 INFO epoch 25: train_loss=8.4364 val_loss=5.5645 tau=0.137 grad_max=719.79 grad_mean=257.63
2026-04-22 10:36:08,905 INFO epoch 26: train_loss=8.3225 val_loss=5.4150 tau=0.141 grad_max=1122.93 grad_mean=317.03
2026-04-22 10:36:17,721 INFO epoch 27: train_loss=8.1576 val_loss=5.0680 tau=0.144 grad_max=1031.77 grad_mean=392.77
2026-04-22 10:36:26,298 INFO epoch 28: train_loss=8.0342 val_loss=4.9344 tau=0.144 grad_max=1147.30 grad_mean=364.66
2026-04-22 10:36:34,665 INFO epoch 29: train_loss=7.9557 val_loss=4.9379 tau=0.140 grad_max=969.45 grad_mean=389.35
2026-04-22 10:36:42,950 INFO epoch 30: train_loss=7.8265 val_loss=4.7977 tau=0.134 grad_max=1135.66 grad_mean=418.01
2026-04-22 10:36:51,601 INFO epoch 31: train_loss=7.7828 val_loss=4.6317 tau=0.127 grad_max=1223.94 grad_mean=424.55
2026-04-22 10:37:00,227 INFO epoch 32: train_loss=7.6622 val_loss=4.6489 tau=0.123 grad_max=912.11 grad_mean=441.99
2026-04-22 10:37:08,432 INFO epoch 33: train_loss=7.6768 val_loss=4.7429 tau=0.121 grad_max=1434.15 grad_mean=444.66
2026-04-22 10:37:16,909 INFO epoch 34: train_loss=7.5317 val_loss=4.5479 tau=0.120 grad_max=914.72 grad_mean=444.10
2026-04-22 10:37:25,552 INFO epoch 35: train_loss=7.5597 val_loss=4.3917 tau=0.123 grad_max=1210.69 grad_mean=443.06
2026-04-22 10:37:33,211 INFO epoch 36: train_loss=7.5320 val_loss=4.3984 tau=0.126 grad_max=1060.35 grad_mean=433.49
2026-04-22 10:37:41,224 INFO epoch 37: train_loss=7.4692 val_loss=4.5131 tau=0.125 grad_max=1014.25 grad_mean=428.03
2026-04-22 10:37:48,938 INFO epoch 38: train_loss=7.4860 val_loss=4.3162 tau=0.124 grad_max=1020.22 grad_mean=416.63
2026-04-22 10:37:57,992 INFO epoch 39: train_loss=7.4132 val_loss=4.4360 tau=0.123 grad_max=786.16 grad_mean=382.65
2026-04-22 10:38:06,350 INFO epoch 40: train_loss=7.3646 val_loss=4.2370 tau=0.123 grad_max=912.65 grad_mean=413.38
2026-04-22 10:38:16,113 INFO epoch 41: train_loss=7.3813 val_loss=4.2333 tau=0.126 grad_max=1006.82 grad_mean=391.47
2026-04-22 10:38:27,174 INFO epoch 42: train_loss=7.3461 val_loss=4.1275 tau=0.129 grad_max=823.06 grad_mean=383.12
2026-04-22 10:38:37,284 INFO epoch 43: train_loss=7.3181 val_loss=4.2148 tau=0.130 grad_max=843.55 grad_mean=373.36
2026-04-22 10:38:45,940 INFO epoch 44: train_loss=7.3029 val_loss=4.1848 tau=0.134 grad_max=748.05 grad_mean=359.94
2026-04-22 10:38:54,279 INFO epoch 45: train_loss=7.2691 val_loss=4.2372 tau=0.135 grad_max=653.01 grad_mean=363.64
2026-04-22 10:39:02,677 INFO epoch 46: train_loss=7.2954 val_loss=4.1705 tau=0.134 grad_max=885.00 grad_mean=344.75
2026-04-22 10:39:11,677 INFO epoch 47: train_loss=7.2513 val_loss=4.1341 tau=0.134 grad_max=848.13 grad_mean=338.05
2026-04-22 10:39:19,959 INFO epoch 48: train_loss=7.1995 val_loss=4.2303 tau=0.136 grad_max=773.49 grad_mean=335.14
2026-04-22 10:39:28,381 INFO epoch 49: train_loss=7.1951 val_loss=4.0877 tau=0.139 grad_max=653.21 grad_mean=310.80
2026-04-22 10:39:37,185 INFO epoch 50: train_loss=7.1409 val_loss=4.0651 tau=0.134 grad_max=685.30 grad_mean=318.53
2026-04-22 10:39:45,895 INFO epoch 51: train_loss=7.1997 val_loss=4.1062 tau=0.136 grad_max=753.79 grad_mean=299.85
2026-04-22 10:39:53,861 INFO epoch 52: train_loss=7.0890 val_loss=3.9940 tau=0.129 grad_max=804.78 grad_mean=306.00
2026-04-22 10:40:02,108 INFO epoch 53: train_loss=7.1150 val_loss=4.1576 tau=0.135 grad_max=716.13 grad_mean=310.42
2026-04-22 10:40:10,312 INFO epoch 54: train_loss=7.0949 val_loss=4.1159 tau=0.133 grad_max=603.51 grad_mean=302.05
2026-04-22 10:40:18,975 INFO epoch 55: train_loss=7.0616 val_loss=4.3719 tau=0.133 grad_max=627.50 grad_mean=289.06
2026-04-22 10:40:30,536 INFO epoch 56: train_loss=7.0580 val_loss=3.9864 tau=0.135 grad_max=700.83 grad_mean=293.03
2026-04-22 10:40:40,099 INFO epoch 57: train_loss=7.0139 val_loss=3.9013 tau=0.134 grad_max=643.89 grad_mean=284.61
2026-04-22 10:40:48,938 INFO epoch 58: train_loss=7.0200 val_loss=3.9359 tau=0.132 grad_max=630.24 grad_mean=275.89
2026-04-22 10:40:57,794 INFO epoch 59: train_loss=6.9960 val_loss=4.1001 tau=0.134 grad_max=619.13 grad_mean=272.76
2026-04-22 10:41:06,505 INFO epoch 60: train_loss=6.9714 val_loss=4.0172 tau=0.129 grad_max=698.39 grad_mean=271.97
2026-04-22 10:41:15,763 INFO epoch 61: train_loss=6.9612 val_loss=3.8173 tau=0.127 grad_max=598.11 grad_mean=265.61
2026-04-22 10:41:24,970 INFO epoch 62: train_loss=6.9541 val_loss=3.9595 tau=0.126 grad_max=622.55 grad_mean=267.68
2026-04-22 10:41:33,410 INFO epoch 63: train_loss=6.9187 val_loss=3.7843 tau=0.126 grad_max=754.65 grad_mean=258.17
2026-04-22 10:41:42,081 INFO epoch 64: train_loss=6.9234 val_loss=3.8041 tau=0.128 grad_max=673.80 grad_mean=256.90
2026-04-22 10:41:50,773 INFO epoch 65: train_loss=6.8674 val_loss=3.9149 tau=0.129 grad_max=659.07 grad_mean=253.59
2026-04-22 10:41:58,869 INFO epoch 66: train_loss=6.8427 val_loss=3.7926 tau=0.127 grad_max=503.85 grad_mean=257.07
2026-04-22 10:42:06,844 INFO epoch 67: train_loss=6.8686 val_loss=3.8500 tau=0.130 grad_max=682.90 grad_mean=252.74
2026-04-22 10:42:15,055 INFO epoch 68: train_loss=6.8189 val_loss=3.7586 tau=0.128 grad_max=503.05 grad_mean=254.50
2026-04-22 10:42:23,183 INFO epoch 69: train_loss=6.8319 val_loss=3.7364 tau=0.129 grad_max=605.71 grad_mean=252.18
2026-04-22 10:42:32,366 INFO epoch 70: train_loss=6.8087 val_loss=3.7739 tau=0.127 grad_max=478.96 grad_mean=242.63
2026-04-22 10:42:40,426 INFO epoch 71: train_loss=6.7801 val_loss=3.7117 tau=0.122 grad_max=481.49 grad_mean=233.64
2026-04-22 10:42:49,564 INFO epoch 72: train_loss=6.7520 val_loss=3.7554 tau=0.124 grad_max=629.32 grad_mean=241.91
2026-04-22 10:42:58,688 INFO epoch 73: train_loss=6.7292 val_loss=3.7517 tau=0.123 grad_max=481.55 grad_mean=243.24
2026-04-22 10:43:07,456 INFO epoch 74: train_loss=6.7243 val_loss=3.7417 tau=0.125 grad_max=488.78 grad_mean=233.05
2026-04-22 10:43:15,696 INFO epoch 75: train_loss=6.7138 val_loss=3.7774 tau=0.125 grad_max=565.73 grad_mean=237.60
2026-04-22 10:43:23,848 INFO epoch 76: train_loss=6.6752 val_loss=3.7236 tau=0.121 grad_max=500.02 grad_mean=220.18
2026-04-22 10:43:32,629 INFO epoch 77: train_loss=6.6732 val_loss=3.6636 tau=0.120 grad_max=524.29 grad_mean=234.37
2026-04-22 10:43:41,276 INFO epoch 78: train_loss=6.6504 val_loss=3.6235 tau=0.121 grad_max=557.94 grad_mean=235.73
2026-04-22 10:43:50,131 INFO epoch 79: train_loss=6.6533 val_loss=3.6935 tau=0.120 grad_max=479.21 grad_mean=229.55
2026-04-22 10:43:59,763 INFO epoch 80: train_loss=6.6161 val_loss=3.6727 tau=0.118 grad_max=459.93 grad_mean=229.42
2026-04-22 10:44:09,374 INFO epoch 81: train_loss=6.6031 val_loss=3.7394 tau=0.120 grad_max=470.10 grad_mean=227.55
2026-04-22 10:44:19,737 INFO epoch 82: train_loss=6.6209 val_loss=3.7679 tau=0.121 grad_max=501.95 grad_mean=222.76
2026-04-22 10:44:27,901 INFO epoch 83: train_loss=6.6112 val_loss=3.7823 tau=0.120 grad_max=483.33 grad_mean=221.30
2026-04-22 10:44:35,510 INFO epoch 84: train_loss=6.5711 val_loss=3.5866 tau=0.122 grad_max=495.67 grad_mean=227.01
2026-04-22 10:44:43,476 INFO epoch 85: train_loss=6.5727 val_loss=3.6807 tau=0.118 grad_max=521.43 grad_mean=223.98
2026-04-22 10:44:52,068 INFO epoch 86: train_loss=6.5453 val_loss=3.6155 tau=0.117 grad_max=533.97 grad_mean=222.48
2026-04-22 10:45:01,386 INFO epoch 87: train_loss=6.5407 val_loss=3.5393 tau=0.117 grad_max=455.66 grad_mean=217.52
2026-04-22 10:45:10,594 INFO epoch 88: train_loss=6.5222 val_loss=3.5651 tau=0.116 grad_max=405.27 grad_mean=215.84
2026-04-22 10:45:18,785 INFO epoch 89: train_loss=6.5154 val_loss=3.5618 tau=0.115 grad_max=500.35 grad_mean=212.72
2026-04-22 10:45:27,385 INFO epoch 90: train_loss=6.5020 val_loss=3.5614 tau=0.114 grad_max=657.71 grad_mean=219.66
2026-04-22 10:45:36,944 INFO epoch 91: train_loss=6.4764 val_loss=3.5136 tau=0.113 grad_max=442.88 grad_mean=214.63
2026-04-22 10:45:46,481 INFO epoch 92: train_loss=6.4716 val_loss=3.5328 tau=0.111 grad_max=433.17 grad_mean=213.13
2026-04-22 10:45:56,070 INFO epoch 93: train_loss=6.4802 val_loss=3.5329 tau=0.112 grad_max=572.30 grad_mean=211.02
2026-04-22 10:46:05,588 INFO epoch 94: train_loss=6.4464 val_loss=3.5010 tau=0.113 grad_max=462.23 grad_mean=210.95
2026-04-22 10:46:14,297 INFO epoch 95: train_loss=6.4780 val_loss=3.5062 tau=0.114 grad_max=517.31 grad_mean=218.60
2026-04-22 10:46:23,805 INFO epoch 96: train_loss=6.4581 val_loss=3.4952 tau=0.114 grad_max=488.59 grad_mean=208.82
2026-04-22 10:46:32,138 INFO epoch 97: train_loss=6.4508 val_loss=3.4991 tau=0.116 grad_max=537.09 grad_mean=219.70
2026-04-22 10:46:40,098 INFO epoch 98: train_loss=6.4162 val_loss=3.4418 tau=0.115 grad_max=443.04 grad_mean=207.03
2026-04-22 10:46:48,145 INFO epoch 99: train_loss=6.4258 val_loss=3.4833 tau=0.116 grad_max=464.66 grad_mean=209.10
2026-04-22 10:46:55,925 INFO epoch 100: train_loss=6.3833 val_loss=3.5302 tau=0.115 grad_max=585.74 grad_mean=202.03
2026-04-22 10:47:03,781 INFO epoch 101: train_loss=6.3731 val_loss=3.4846 tau=0.114 grad_max=456.89 grad_mean=203.62
2026-04-22 10:47:12,051 INFO epoch 102: train_loss=6.3669 val_loss=3.4747 tau=0.114 grad_max=389.03 grad_mean=190.42
2026-04-22 10:47:21,229 INFO epoch 103: train_loss=6.3558 val_loss=3.4621 tau=0.114 grad_max=479.04 grad_mean=203.31
2026-04-22 10:47:29,792 INFO epoch 104: train_loss=6.3293 val_loss=3.6268 tau=0.111 grad_max=423.74 grad_mean=203.86
2026-04-22 10:47:39,188 INFO epoch 105: train_loss=6.3678 val_loss=3.4501 tau=0.112 grad_max=567.23 grad_mean=207.13
2026-04-22 10:47:47,781 INFO epoch 106: train_loss=6.3374 val_loss=3.5813 tau=0.113 grad_max=456.41 grad_mean=207.30
2026-04-22 10:47:56,555 INFO epoch 107: train_loss=6.3148 val_loss=3.5282 tau=0.115 grad_max=451.95 grad_mean=193.93
2026-04-22 10:48:05,305 INFO epoch 108: train_loss=6.3080 val_loss=3.3859 tau=0.117 grad_max=441.95 grad_mean=204.20
2026-04-22 10:48:14,275 INFO epoch 109: train_loss=6.2863 val_loss=3.4091 tau=0.115 grad_max=359.95 grad_mean=192.52
2026-04-22 10:48:23,210 INFO epoch 110: train_loss=6.2817 val_loss=3.3868 tau=0.115 grad_max=452.67 grad_mean=191.49
2026-04-22 10:48:31,234 INFO epoch 111: train_loss=6.2630 val_loss=3.3987 tau=0.115 grad_max=383.59 grad_mean=193.16
2026-04-22 10:48:40,002 INFO epoch 112: train_loss=6.2721 val_loss=3.4077 tau=0.115 grad_max=539.10 grad_mean=197.04
2026-04-22 10:48:48,043 INFO epoch 113: train_loss=6.2631 val_loss=3.3875 tau=0.113 grad_max=573.23 grad_mean=195.63
2026-04-22 10:48:56,274 INFO epoch 114: train_loss=6.2358 val_loss=3.3844 tau=0.112 grad_max=431.28 grad_mean=194.00
2026-04-22 10:49:04,262 INFO epoch 115: train_loss=6.2342 val_loss=3.3745 tau=0.112 grad_max=544.23 grad_mean=192.06
2026-04-22 10:49:12,340 INFO epoch 116: train_loss=6.2143 val_loss=3.3777 tau=0.113 grad_max=468.11 grad_mean=191.96
2026-04-22 10:49:20,836 INFO epoch 117: train_loss=6.2086 val_loss=3.3842 tau=0.114 grad_max=415.62 grad_mean=187.81
2026-04-22 10:49:28,918 INFO epoch 118: train_loss=6.2181 val_loss=3.3925 tau=0.113 grad_max=434.92 grad_mean=188.04
2026-04-22 10:49:37,306 INFO epoch 119: train_loss=6.2303 val_loss=3.3620 tau=0.114 grad_max=571.37 grad_mean=206.16
2026-04-22 10:49:45,868 INFO epoch 120: train_loss=6.2118 val_loss=3.3373 tau=0.112 grad_max=562.61 grad_mean=192.83
2026-04-22 10:49:54,262 INFO epoch 121: train_loss=6.1933 val_loss=3.4635 tau=0.113 grad_max=531.66 grad_mean=196.94
2026-04-22 10:50:02,572 INFO epoch 122: train_loss=6.1943 val_loss=3.3731 tau=0.109 grad_max=587.57 grad_mean=183.62
2026-04-22 10:50:11,130 INFO epoch 123: train_loss=6.1737 val_loss=3.4091 tau=0.108 grad_max=484.23 grad_mean=193.96
2026-04-22 10:50:20,164 INFO epoch 124: train_loss=6.1583 val_loss=3.3211 tau=0.110 grad_max=489.42 grad_mean=186.47
2026-04-22 10:50:28,495 INFO epoch 125: train_loss=6.1494 val_loss=3.3333 tau=0.109 grad_max=439.79 grad_mean=188.33
2026-04-22 10:50:36,612 INFO epoch 126: train_loss=6.1259 val_loss=3.3065 tau=0.108 grad_max=435.97 grad_mean=172.79
2026-04-22 10:50:44,689 INFO epoch 127: train_loss=6.1050 val_loss=3.3216 tau=0.107 grad_max=380.16 grad_mean=163.02
2026-04-22 10:50:53,087 INFO epoch 128: train_loss=6.1274 val_loss=3.3031 tau=0.109 grad_max=473.33 grad_mean=187.08
2026-04-22 10:51:01,672 INFO epoch 129: train_loss=6.1173 val_loss=3.2866 tau=0.108 grad_max=602.87 grad_mean=177.71
2026-04-22 10:51:10,957 INFO epoch 130: train_loss=6.0996 val_loss=3.3112 tau=0.108 grad_max=460.76 grad_mean=168.01
2026-04-22 10:51:19,744 INFO epoch 131: train_loss=6.0962 val_loss=3.2654 tau=0.106 grad_max=524.95 grad_mean=178.75
2026-04-22 10:51:28,765 INFO epoch 132: train_loss=6.0758 val_loss=3.2890 tau=0.106 grad_max=465.74 grad_mean=166.80
2026-04-22 10:51:38,940 INFO epoch 133: train_loss=6.0671 val_loss=3.2883 tau=0.106 grad_max=494.27 grad_mean=163.39
2026-04-22 10:51:48,589 INFO epoch 134: train_loss=6.0722 val_loss=3.3121 tau=0.105 grad_max=526.99 grad_mean=167.97
2026-04-22 10:51:59,592 INFO epoch 135: train_loss=6.0661 val_loss=3.2525 tau=0.104 grad_max=494.51 grad_mean=167.30
2026-04-22 10:52:09,440 INFO epoch 136: train_loss=6.0722 val_loss=3.2877 tau=0.103 grad_max=576.41 grad_mean=172.98
2026-04-22 10:52:17,623 INFO epoch 137: train_loss=6.0576 val_loss=3.2719 tau=0.103 grad_max=501.79 grad_mean=159.39
2026-04-22 10:52:26,407 INFO epoch 138: train_loss=6.0500 val_loss=3.3114 tau=0.104 grad_max=354.37 grad_mean=151.31
2026-04-22 10:52:35,497 INFO epoch 139: train_loss=6.0551 val_loss=3.2651 tau=0.105 grad_max=449.18 grad_mean=166.42
2026-04-22 10:52:44,703 INFO epoch 140: train_loss=6.0341 val_loss=3.2896 tau=0.105 grad_max=473.69 grad_mean=154.68
2026-04-22 10:52:56,625 INFO epoch 141: train_loss=6.0482 val_loss=3.2465 tau=0.106 grad_max=421.53 grad_mean=159.19
2026-04-22 10:53:05,790 INFO epoch 142: train_loss=6.0389 val_loss=3.2492 tau=0.106 grad_max=413.32 grad_mean=164.99
2026-04-22 10:53:14,457 INFO epoch 143: train_loss=6.0249 val_loss=3.2490 tau=0.105 grad_max=375.72 grad_mean=141.76
2026-04-22 10:53:23,129 INFO epoch 144: train_loss=6.0112 val_loss=3.2360 tau=0.104 grad_max=362.80 grad_mean=144.54
2026-04-22 10:53:32,021 INFO epoch 145: train_loss=6.0148 val_loss=3.2481 tau=0.105 grad_max=362.89 grad_mean=149.52
2026-04-22 10:53:40,581 INFO epoch 146: train_loss=6.0068 val_loss=3.2675 tau=0.106 grad_max=317.76 grad_mean=147.50
2026-04-22 10:53:49,343 INFO epoch 147: train_loss=6.0170 val_loss=3.2340 tau=0.107 grad_max=436.74 grad_mean=157.98
2026-04-22 10:53:57,471 INFO epoch 148: train_loss=5.9933 val_loss=3.2487 tau=0.107 grad_max=328.50 grad_mean=141.44
2026-04-22 10:54:06,609 INFO epoch 149: train_loss=5.9901 val_loss=3.2194 tau=0.108 grad_max=392.96 grad_mean=142.03
2026-04-22 10:54:16,122 INFO epoch 150: train_loss=5.9804 val_loss=3.2266 tau=0.108 grad_max=362.84 grad_mean=148.94
2026-04-22 10:54:26,994 INFO epoch 151: train_loss=5.9727 val_loss=3.2088 tau=0.107 grad_max=354.59 grad_mean=142.81
2026-04-22 10:54:36,273 INFO epoch 152: train_loss=5.9712 val_loss=3.2369 tau=0.107 grad_max=410.48 grad_mean=139.07
2026-04-22 10:54:44,479 INFO epoch 153: train_loss=5.9705 val_loss=3.2064 tau=0.107 grad_max=482.34 grad_mean=141.00
2026-04-22 10:54:53,068 INFO epoch 154: train_loss=5.9641 val_loss=3.2070 tau=0.109 grad_max=362.56 grad_mean=136.13
2026-04-22 10:55:01,474 INFO epoch 155: train_loss=5.9548 val_loss=3.1972 tau=0.110 grad_max=290.55 grad_mean=123.30
2026-04-22 10:55:10,324 INFO epoch 156: train_loss=5.9430 val_loss=3.1986 tau=0.110 grad_max=322.07 grad_mean=119.23
2026-04-22 10:55:18,666 INFO epoch 157: train_loss=5.9420 val_loss=3.1985 tau=0.108 grad_max=318.70 grad_mean=122.45
2026-04-22 10:55:26,666 INFO epoch 158: train_loss=5.9477 val_loss=3.1901 tau=0.107 grad_max=342.45 grad_mean=135.32
2026-04-22 10:55:34,325 INFO epoch 159: train_loss=5.9395 val_loss=3.2101 tau=0.107 grad_max=294.89 grad_mean=126.40
2026-04-22 10:55:42,845 INFO epoch 160: train_loss=5.9316 val_loss=3.2022 tau=0.106 grad_max=283.29 grad_mean=119.30
2026-04-22 10:55:51,792 INFO epoch 161: train_loss=5.9332 val_loss=3.1887 tau=0.105 grad_max=293.01 grad_mean=115.27
2026-04-22 10:56:00,889 INFO epoch 162: train_loss=5.9235 val_loss=3.2135 tau=0.103 grad_max=309.77 grad_mean=116.59
2026-04-22 10:56:09,556 INFO epoch 163: train_loss=5.9196 val_loss=3.1757 tau=0.103 grad_max=247.26 grad_mean=104.50
2026-04-22 10:56:20,290 INFO epoch 164: train_loss=5.9132 val_loss=3.1805 tau=0.103 grad_max=322.85 grad_mean=115.80
2026-04-22 10:56:31,814 INFO epoch 165: train_loss=5.9094 val_loss=3.1804 tau=0.103 grad_max=255.59 grad_mean=108.18
2026-04-22 10:56:40,766 INFO epoch 166: train_loss=5.9112 val_loss=3.1815 tau=0.104 grad_max=266.86 grad_mean=120.50
2026-04-22 10:56:52,041 INFO epoch 167: train_loss=5.9050 val_loss=3.1802 tau=0.104 grad_max=277.28 grad_mean=114.39
2026-04-22 10:57:05,396 INFO epoch 168: train_loss=5.9009 val_loss=3.1744 tau=0.104 grad_max=302.23 grad_mean=112.17
2026-04-22 10:57:14,930 INFO epoch 169: train_loss=5.9002 val_loss=3.1800 tau=0.103 grad_max=310.46 grad_mean=106.90
2026-04-22 10:57:25,061 INFO epoch 170: train_loss=5.8970 val_loss=3.1639 tau=0.102 grad_max=242.35 grad_mean=105.30
2026-04-22 10:57:33,712 INFO epoch 171: train_loss=5.8949 val_loss=3.1725 tau=0.102 grad_max=254.80 grad_mean=101.99
2026-04-22 10:57:42,719 INFO epoch 172: train_loss=5.8908 val_loss=3.1700 tau=0.102 grad_max=241.14 grad_mean=91.85
2026-04-22 10:57:52,505 INFO epoch 173: train_loss=5.8919 val_loss=3.1608 tau=0.101 grad_max=235.38 grad_mean=99.02
2026-04-22 10:58:01,486 INFO epoch 174: train_loss=5.8912 val_loss=3.1604 tau=0.101 grad_max=252.66 grad_mean=92.70
2026-04-22 10:58:10,746 INFO epoch 175: train_loss=5.8814 val_loss=3.1637 tau=0.101 grad_max=234.55 grad_mean=99.02
2026-04-22 10:58:21,426 INFO epoch 176: train_loss=5.8816 val_loss=3.1679 tau=0.101 grad_max=235.41 grad_mean=95.31
2026-04-22 10:58:34,318 INFO epoch 177: train_loss=5.8815 val_loss=3.1560 tau=0.101 grad_max=265.19 grad_mean=94.48
2026-04-22 10:58:54,879 INFO epoch 178: train_loss=5.8778 val_loss=3.1564 tau=0.101 grad_max=242.49 grad_mean=92.17
2026-04-22 10:59:05,666 INFO epoch 179: train_loss=5.8772 val_loss=3.1527 tau=0.101 grad_max=243.04 grad_mean=91.20
2026-04-22 10:59:16,359 INFO epoch 180: train_loss=5.8708 val_loss=3.1537 tau=0.101 grad_max=203.84 grad_mean=89.94
2026-04-22 10:59:28,105 INFO epoch 181: train_loss=5.8718 val_loss=3.1544 tau=0.101 grad_max=195.91 grad_mean=83.90
2026-04-22 10:59:39,086 INFO epoch 182: train_loss=5.8691 val_loss=3.1554 tau=0.101 grad_max=173.35 grad_mean=77.74
2026-04-22 10:59:48,342 INFO epoch 183: train_loss=5.8675 val_loss=3.1527 tau=0.101 grad_max=216.98 grad_mean=81.36
2026-04-22 10:59:59,864 INFO epoch 184: train_loss=5.8655 val_loss=3.1587 tau=0.101 grad_max=163.46 grad_mean=78.61
2026-04-22 11:00:08,751 INFO epoch 185: train_loss=5.8629 val_loss=3.1565 tau=0.102 grad_max=155.93 grad_mean=76.10
2026-04-22 11:00:17,942 INFO epoch 186: train_loss=5.8608 val_loss=3.1534 tau=0.102 grad_max=166.22 grad_mean=76.36
2026-04-22 11:00:30,500 INFO epoch 187: train_loss=5.8635 val_loss=3.1493 tau=0.102 grad_max=183.55 grad_mean=81.01
2026-04-22 11:00:42,460 INFO epoch 188: train_loss=5.8628 val_loss=3.1511 tau=0.102 grad_max=179.10 grad_mean=76.26
2026-04-22 11:00:53,636 INFO epoch 189: train_loss=5.8580 val_loss=3.1518 tau=0.102 grad_max=170.72 grad_mean=72.79
2026-04-22 11:01:04,874 INFO epoch 190: train_loss=5.8578 val_loss=3.1482 tau=0.102 grad_max=183.75 grad_mean=72.69
2026-04-22 11:01:15,752 INFO epoch 191: train_loss=5.8560 val_loss=3.1540 tau=0.102 grad_max=158.58 grad_mean=69.74
2026-04-22 11:01:26,454 INFO epoch 192: train_loss=5.8594 val_loss=3.1491 tau=0.102 grad_max=163.49 grad_mean=72.07
2026-04-22 11:01:37,365 INFO epoch 193: train_loss=5.8536 val_loss=3.1503 tau=0.102 grad_max=182.62 grad_mean=69.20
2026-04-22 11:01:47,917 INFO epoch 194: train_loss=5.8547 val_loss=3.1503 tau=0.102 grad_max=153.83 grad_mean=67.35
2026-04-22 11:01:58,495 INFO epoch 195: train_loss=5.8548 val_loss=3.1491 tau=0.102 grad_max=136.81 grad_mean=63.73
2026-04-22 11:02:09,303 INFO epoch 196: train_loss=5.8507 val_loss=3.1495 tau=0.102 grad_max=151.17 grad_mean=65.65
2026-04-22 11:02:20,007 INFO epoch 197: train_loss=5.8521 val_loss=3.1494 tau=0.102 grad_max=179.03 grad_mean=63.67
2026-04-22 11:02:30,775 INFO epoch 198: train_loss=5.8523 val_loss=3.1494 tau=0.102 grad_max=150.67 grad_mean=63.95
2026-04-22 11:02:41,671 INFO epoch 199: train_loss=5.8515 val_loss=3.1493 tau=0.102 grad_max=143.68 grad_mean=62.40
2026-04-22 11:02:41,755 INFO member seed=2: best_val_loss=3.1482 at epoch 190
2026-04-22 11:02:41,755 INFO === training joint-ensemble member seed=3 ===
2026-04-22 11:03:08,948 INFO dropping 13906/292948 rows with NaN in XP features
2026-04-22 11:03:10,131 INFO fit label scaler on 195295 train stars — Teff mean=4614.9 scale=267.5, logg mean=2.36 scale=0.52, [M/H] mean=-0.26 scale=0.34
2026-04-22 11:03:10,600 INFO momentum queue enabled: size=8192, D=32, n_labels=5, warm_start=True
2026-04-22 11:03:21,294 INFO epoch 0: train_loss=9.8969 val_loss=9.2562 tau=0.100 grad_max=67.16 grad_mean=3.32
2026-04-22 11:03:22,128 INFO first-epoch sanity teff_apogee: mean_pred=4611 mean_truth=4615 std_truth=267.6 dev=3.54
2026-04-22 11:03:22,129 INFO first-epoch sanity logg_apogee: mean_pred=2.36 mean_truth=2.362 std_truth=0.5159 dev=0.002269
2026-04-22 11:03:22,130 INFO first-epoch sanity mh_apogee: mean_pred=-0.2626 mean_truth=-0.2572 std_truth=0.3443 dev=0.005346
2026-04-22 11:03:22,130 INFO first-epoch sanity alpha_m_apogee: mean_pred=0.08795 mean_truth=0.0866 std_truth=0.09543 dev=0.001349
2026-04-22 11:03:22,131 INFO first-epoch sanity mg_h_apogee: mean_pred=-0.1567 mean_truth=-0.1514 std_truth=0.2902 dev=0.005288
2026-04-22 11:03:34,220 INFO epoch 1: train_loss=9.6772 val_loss=9.1231 tau=0.100 grad_max=10.52 grad_mean=3.06
2026-04-22 11:03:45,064 INFO epoch 2: train_loss=9.6558 val_loss=9.1134 tau=0.098 grad_max=12.12 grad_mean=3.41
2026-04-22 11:03:56,194 INFO epoch 3: train_loss=9.6460 val_loss=9.0975 tau=0.097 grad_max=13.56 grad_mean=3.41
2026-04-22 11:04:06,881 INFO epoch 4: train_loss=9.6187 val_loss=8.2824 tau=0.099 grad_max=15.77 grad_mean=3.80
2026-04-22 11:04:17,515 INFO epoch 5: train_loss=9.5420 val_loss=8.1243 tau=0.102 grad_max=13.31 grad_mean=5.04
2026-04-22 11:04:28,294 INFO epoch 6: train_loss=9.4424 val_loss=7.8416 tau=0.105 grad_max=20.86 grad_mean=7.59
2026-04-22 11:04:39,326 INFO epoch 7: train_loss=9.3475 val_loss=7.4786 tau=0.107 grad_max=82.37 grad_mean=17.95
2026-04-22 11:04:50,851 INFO epoch 8: train_loss=9.2320 val_loss=7.1305 tau=0.109 grad_max=140.30 grad_mean=36.67
2026-04-22 11:05:01,633 INFO epoch 9: train_loss=9.1182 val_loss=6.9717 tau=0.110 grad_max=230.74 grad_mean=60.99
2026-04-22 11:05:12,282 INFO epoch 10: train_loss=9.0170 val_loss=6.6589 tau=0.111 grad_max=259.85 grad_mean=65.26
2026-04-22 11:05:23,314 INFO epoch 11: train_loss=8.9558 val_loss=6.6142 tau=0.112 grad_max=463.03 grad_mean=123.19
2026-04-22 11:05:35,942 INFO epoch 12: train_loss=8.9104 val_loss=6.4720 tau=0.113 grad_max=576.44 grad_mean=149.45
2026-04-22 11:05:47,304 INFO epoch 13: train_loss=8.8811 val_loss=6.3980 tau=0.113 grad_max=558.42 grad_mean=206.75
2026-04-22 11:05:58,486 INFO epoch 14: train_loss=8.8732 val_loss=6.2972 tau=0.114 grad_max=508.50 grad_mean=263.46
2026-04-22 11:06:09,315 INFO epoch 15: train_loss=8.8261 val_loss=6.1971 tau=0.114 grad_max=742.87 grad_mean=223.67
2026-04-22 11:06:19,911 INFO epoch 16: train_loss=8.7851 val_loss=6.1781 tau=0.114 grad_max=853.33 grad_mean=245.09
2026-04-22 11:06:30,482 INFO epoch 17: train_loss=8.7463 val_loss=6.1062 tau=0.115 grad_max=616.44 grad_mean=279.08
2026-04-22 11:06:41,070 INFO epoch 18: train_loss=8.7421 val_loss=6.1020 tau=0.116 grad_max=995.25 grad_mean=296.66
2026-04-22 11:06:52,746 INFO epoch 19: train_loss=8.7635 val_loss=6.0474 tau=0.118 grad_max=879.83 grad_mean=294.32
2026-04-22 11:07:04,862 INFO epoch 20: train_loss=8.6669 val_loss=6.0035 tau=0.119 grad_max=605.45 grad_mean=336.43
2026-04-22 11:07:15,634 INFO epoch 21: train_loss=8.6386 val_loss=5.9367 tau=0.120 grad_max=615.35 grad_mean=331.47
2026-04-22 11:07:24,717 INFO epoch 22: train_loss=8.6111 val_loss=5.8729 tau=0.122 grad_max=622.12 grad_mean=330.89
2026-04-22 11:07:33,180 INFO epoch 23: train_loss=8.5883 val_loss=5.8283 tau=0.123 grad_max=682.28 grad_mean=318.92
2026-04-22 11:07:41,773 INFO epoch 24: train_loss=8.5364 val_loss=5.7140 tau=0.123 grad_max=597.85 grad_mean=311.80
2026-04-22 11:07:50,286 INFO epoch 25: train_loss=8.4931 val_loss=5.5048 tau=0.126 grad_max=684.36 grad_mean=294.51
2026-04-22 11:07:58,830 INFO epoch 26: train_loss=8.3495 val_loss=5.4144 tau=0.130 grad_max=1048.05 grad_mean=345.70
2026-04-22 11:08:07,419 INFO epoch 27: train_loss=8.2343 val_loss=5.1018 tau=0.136 grad_max=1181.36 grad_mean=373.61
2026-04-22 11:08:15,653 INFO epoch 28: train_loss=8.0682 val_loss=5.1923 tau=0.137 grad_max=1285.13 grad_mean=417.28
2026-04-22 11:08:23,957 INFO epoch 29: train_loss=8.0773 val_loss=5.0313 tau=0.140 grad_max=1164.76 grad_mean=402.41
2026-04-22 11:08:32,150 INFO epoch 30: train_loss=7.9238 val_loss=4.8691 tau=0.138 grad_max=1111.49 grad_mean=425.20
2026-04-22 11:08:40,539 INFO epoch 31: train_loss=7.7653 val_loss=4.9449 tau=0.135 grad_max=1260.88 grad_mean=422.82
2026-04-22 11:08:49,408 INFO epoch 32: train_loss=7.6461 val_loss=4.5427 tau=0.129 grad_max=922.94 grad_mean=439.86
2026-04-22 11:08:58,156 INFO epoch 33: train_loss=7.7433 val_loss=4.6699 tau=0.130 grad_max=1293.82 grad_mean=431.98
2026-04-22 11:09:06,678 INFO epoch 34: train_loss=7.6177 val_loss=4.4766 tau=0.127 grad_max=1101.29 grad_mean=441.61
2026-04-22 11:09:15,873 INFO epoch 35: train_loss=7.4961 val_loss=4.5200 tau=0.124 grad_max=876.37 grad_mean=438.01
2026-04-22 11:09:24,941 INFO epoch 36: train_loss=7.5153 val_loss=4.6887 tau=0.127 grad_max=879.38 grad_mean=421.28
2026-04-22 11:09:34,318 INFO epoch 37: train_loss=7.4787 val_loss=4.3220 tau=0.128 grad_max=896.06 grad_mean=422.25
2026-04-22 11:09:43,693 INFO epoch 38: train_loss=7.4584 val_loss=4.3080 tau=0.132 grad_max=891.46 grad_mean=407.35
2026-04-22 11:09:53,152 INFO epoch 39: train_loss=7.4125 val_loss=4.3057 tau=0.131 grad_max=890.59 grad_mean=400.94
2026-04-22 11:10:02,067 INFO epoch 40: train_loss=7.4458 val_loss=4.2512 tau=0.131 grad_max=834.20 grad_mean=380.44
2026-04-22 11:10:10,241 INFO epoch 41: train_loss=7.3595 val_loss=4.2907 tau=0.135 grad_max=859.54 grad_mean=382.92
2026-04-22 11:10:18,870 INFO epoch 42: train_loss=7.2961 val_loss=4.3612 tau=0.136 grad_max=713.86 grad_mean=368.83
2026-04-22 11:10:27,598 INFO epoch 43: train_loss=7.3286 val_loss=4.1957 tau=0.136 grad_max=786.40 grad_mean=365.26
2026-04-22 11:10:36,388 INFO epoch 44: train_loss=7.2545 val_loss=4.1357 tau=0.134 grad_max=675.87 grad_mean=361.68
2026-04-22 11:10:46,409 INFO epoch 45: train_loss=7.3326 val_loss=4.1858 tau=0.136 grad_max=882.84 grad_mean=344.10
2026-04-22 11:10:55,270 INFO epoch 46: train_loss=7.2706 val_loss=4.1314 tau=0.137 grad_max=891.71 grad_mean=346.05
2026-04-22 11:11:03,601 INFO epoch 47: train_loss=7.2715 val_loss=4.1639 tau=0.142 grad_max=851.11 grad_mean=322.79
2026-04-22 11:11:12,596 INFO epoch 48: train_loss=7.2625 val_loss=4.1714 tau=0.142 grad_max=885.49 grad_mean=325.38
2026-04-22 11:11:22,602 INFO epoch 49: train_loss=7.1756 val_loss=4.0108 tau=0.136 grad_max=605.12 grad_mean=324.89
2026-04-22 11:11:31,866 INFO epoch 50: train_loss=7.2010 val_loss=4.0866 tau=0.136 grad_max=623.35 grad_mean=317.26
2026-04-22 11:11:40,295 INFO epoch 51: train_loss=7.1708 val_loss=4.0353 tau=0.135 grad_max=742.80 grad_mean=302.11
2026-04-22 11:11:48,472 INFO epoch 52: train_loss=7.1333 val_loss=3.9965 tau=0.131 grad_max=639.87 grad_mean=309.66
2026-04-22 11:11:56,439 INFO epoch 53: train_loss=7.1172 val_loss=3.9438 tau=0.134 grad_max=563.49 grad_mean=291.92
2026-04-22 11:12:04,980 INFO epoch 54: train_loss=7.1061 val_loss=4.2132 tau=0.132 grad_max=707.23 grad_mean=287.37
2026-04-22 11:12:13,481 INFO epoch 55: train_loss=7.0375 val_loss=4.1668 tau=0.130 grad_max=625.68 grad_mean=285.39
2026-04-22 11:12:22,978 INFO epoch 56: train_loss=7.0392 val_loss=3.9817 tau=0.133 grad_max=554.43 grad_mean=282.78
2026-04-22 11:12:31,821 INFO epoch 57: train_loss=7.0699 val_loss=3.9174 tau=0.134 grad_max=648.46 grad_mean=270.86
2026-04-22 11:12:39,983 INFO epoch 58: train_loss=6.9961 val_loss=4.1028 tau=0.131 grad_max=581.27 grad_mean=276.71
2026-04-22 11:12:48,234 INFO epoch 59: train_loss=6.9623 val_loss=3.9356 tau=0.129 grad_max=708.76 grad_mean=273.83
2026-04-22 11:12:56,641 INFO epoch 60: train_loss=6.9724 val_loss=3.9566 tau=0.130 grad_max=597.68 grad_mean=261.70
2026-04-22 11:13:04,833 INFO epoch 61: train_loss=6.9338 val_loss=3.8255 tau=0.125 grad_max=479.78 grad_mean=275.07
2026-04-22 11:13:13,681 INFO epoch 62: train_loss=6.9147 val_loss=3.8258 tau=0.126 grad_max=569.53 grad_mean=261.74
2026-04-22 11:13:22,787 INFO epoch 63: train_loss=6.9054 val_loss=4.0072 tau=0.126 grad_max=529.82 grad_mean=264.39
2026-04-22 11:13:32,181 INFO epoch 64: train_loss=6.9151 val_loss=3.8865 tau=0.126 grad_max=822.72 grad_mean=259.79
2026-04-22 11:13:40,855 INFO epoch 65: train_loss=6.8366 val_loss=3.8616 tau=0.123 grad_max=593.06 grad_mean=259.31
2026-04-22 11:13:49,102 INFO epoch 66: train_loss=6.8333 val_loss=3.7740 tau=0.124 grad_max=515.19 grad_mean=256.86
2026-04-22 11:13:57,538 INFO epoch 67: train_loss=6.7919 val_loss=3.8563 tau=0.125 grad_max=603.19 grad_mean=254.47
2026-04-22 11:14:05,888 INFO epoch 68: train_loss=6.8021 val_loss=3.7704 tau=0.124 grad_max=529.51 grad_mean=244.74
2026-04-22 11:14:14,310 INFO epoch 69: train_loss=6.7846 val_loss=3.8695 tau=0.125 grad_max=555.31 grad_mean=242.61
2026-04-22 11:14:22,543 INFO epoch 70: train_loss=6.7733 val_loss=3.7331 tau=0.125 grad_max=455.41 grad_mean=238.92
2026-04-22 11:14:30,884 INFO epoch 71: train_loss=6.7527 val_loss=3.8022 tau=0.124 grad_max=560.83 grad_mean=240.81
2026-04-22 11:14:39,049 INFO epoch 72: train_loss=6.7342 val_loss=3.7368 tau=0.125 grad_max=480.75 grad_mean=245.33
2026-04-22 11:14:47,790 INFO epoch 73: train_loss=6.7386 val_loss=3.6898 tau=0.125 grad_max=527.01 grad_mean=235.48
2026-04-22 11:14:56,330 INFO epoch 74: train_loss=6.7241 val_loss=3.7567 tau=0.126 grad_max=502.09 grad_mean=239.68
2026-04-22 11:15:04,682 INFO epoch 75: train_loss=6.7196 val_loss=3.8557 tau=0.124 grad_max=618.68 grad_mean=219.35
2026-04-22 11:15:13,016 INFO epoch 76: train_loss=6.6694 val_loss=3.6438 tau=0.124 grad_max=504.98 grad_mean=241.50
2026-04-22 11:15:20,953 INFO epoch 77: train_loss=6.6606 val_loss=3.7313 tau=0.122 grad_max=586.46 grad_mean=229.11
2026-04-22 11:15:29,054 INFO epoch 78: train_loss=6.6560 val_loss=3.6996 tau=0.123 grad_max=539.98 grad_mean=220.48
2026-04-22 11:15:37,359 INFO epoch 79: train_loss=6.6658 val_loss=3.6397 tau=0.124 grad_max=468.42 grad_mean=225.70
2026-04-22 11:15:45,743 INFO epoch 80: train_loss=6.6318 val_loss=3.8719 tau=0.124 grad_max=597.82 grad_mean=230.78
2026-04-22 11:15:54,409 INFO epoch 81: train_loss=6.6513 val_loss=3.6753 tau=0.127 grad_max=553.02 grad_mean=229.49
2026-04-22 11:16:02,404 INFO epoch 82: train_loss=6.6339 val_loss=3.7050 tau=0.130 grad_max=495.39 grad_mean=217.10
2026-04-22 11:16:10,376 INFO epoch 83: train_loss=6.6287 val_loss=3.5684 tau=0.126 grad_max=571.23 grad_mean=224.18
2026-04-22 11:16:18,326 INFO epoch 84: train_loss=6.6125 val_loss=3.8435 tau=0.124 grad_max=553.39 grad_mean=216.30
2026-04-22 11:16:26,899 INFO epoch 85: train_loss=6.5825 val_loss=3.6175 tau=0.126 grad_max=475.54 grad_mean=213.69
2026-04-22 11:16:35,913 INFO epoch 86: train_loss=6.5665 val_loss=3.6098 tau=0.125 grad_max=474.63 grad_mean=220.54
2026-04-22 11:16:44,693 INFO epoch 87: train_loss=6.5675 val_loss=3.7870 tau=0.126 grad_max=547.90 grad_mean=219.01
2026-04-22 11:16:53,419 INFO epoch 88: train_loss=6.5434 val_loss=3.5488 tau=0.127 grad_max=462.74 grad_mean=214.21
2026-04-22 11:17:02,405 INFO epoch 89: train_loss=6.5224 val_loss=3.6412 tau=0.123 grad_max=586.13 grad_mean=205.21
2026-04-22 11:17:11,939 INFO epoch 90: train_loss=6.5074 val_loss=3.5492 tau=0.124 grad_max=446.18 grad_mean=218.43
2026-04-22 11:17:21,175 INFO epoch 91: train_loss=6.4962 val_loss=3.5354 tau=0.125 grad_max=460.04 grad_mean=217.16
2026-04-22 11:17:29,925 INFO epoch 92: train_loss=6.5071 val_loss=3.5608 tau=0.126 grad_max=451.73 grad_mean=209.57
2026-04-22 11:17:38,321 INFO epoch 93: train_loss=6.4814 val_loss=3.5842 tau=0.126 grad_max=521.35 grad_mean=214.77
2026-04-22 11:17:46,577 INFO epoch 94: train_loss=6.4702 val_loss=3.5508 tau=0.125 grad_max=490.81 grad_mean=211.38
2026-04-22 11:17:54,916 INFO epoch 95: train_loss=6.4464 val_loss=3.5196 tau=0.124 grad_max=485.43 grad_mean=210.76
2026-04-22 11:18:03,020 INFO epoch 96: train_loss=6.4536 val_loss=3.4952 tau=0.123 grad_max=505.69 grad_mean=211.59
2026-04-22 11:18:11,398 INFO epoch 97: train_loss=6.4404 val_loss=3.4905 tau=0.121 grad_max=734.77 grad_mean=209.41
2026-04-22 11:18:20,086 INFO epoch 98: train_loss=6.3912 val_loss=3.5350 tau=0.120 grad_max=436.55 grad_mean=207.03
2026-04-22 11:18:28,600 INFO epoch 99: train_loss=6.3938 val_loss=3.5775 tau=0.119 grad_max=469.75 grad_mean=207.15
2026-04-22 11:18:37,390 INFO epoch 100: train_loss=6.3833 val_loss=3.5579 tau=0.119 grad_max=476.71 grad_mean=202.03
2026-04-22 11:18:45,654 INFO epoch 101: train_loss=6.3715 val_loss=3.4446 tau=0.120 grad_max=420.01 grad_mean=199.23
2026-04-22 11:18:54,251 INFO epoch 102: train_loss=6.3589 val_loss=3.4999 tau=0.120 grad_max=450.57 grad_mean=208.64
2026-04-22 11:19:02,654 INFO epoch 103: train_loss=6.3629 val_loss=3.5531 tau=0.119 grad_max=465.96 grad_mean=199.20
2026-04-22 11:19:10,889 INFO epoch 104: train_loss=6.3578 val_loss=3.5266 tau=0.118 grad_max=410.74 grad_mean=200.81
2026-04-22 11:19:19,197 INFO epoch 105: train_loss=6.3312 val_loss=3.4506 tau=0.118 grad_max=547.21 grad_mean=197.21
2026-04-22 11:19:27,652 INFO epoch 106: train_loss=6.3249 val_loss=3.4717 tau=0.118 grad_max=636.96 grad_mean=206.00
2026-04-22 11:19:35,877 INFO epoch 107: train_loss=6.3086 val_loss=3.5100 tau=0.117 grad_max=434.65 grad_mean=200.80
2026-04-22 11:19:43,973 INFO epoch 108: train_loss=6.2942 val_loss=3.4707 tau=0.116 grad_max=426.21 grad_mean=189.95
2026-04-22 11:19:52,389 INFO epoch 109: train_loss=6.2952 val_loss=3.4934 tau=0.117 grad_max=513.38 grad_mean=199.68
2026-04-22 11:20:00,766 INFO epoch 110: train_loss=6.2726 val_loss=3.4317 tau=0.116 grad_max=493.02 grad_mean=188.47
2026-04-22 11:20:08,654 INFO epoch 111: train_loss=6.2585 val_loss=3.4213 tau=0.116 grad_max=428.01 grad_mean=198.87
2026-04-22 11:20:16,806 INFO epoch 112: train_loss=6.2674 val_loss=3.3574 tau=0.115 grad_max=457.01 grad_mean=194.39
2026-04-22 11:20:24,994 INFO epoch 113: train_loss=6.2416 val_loss=3.3988 tau=0.114 grad_max=437.73 grad_mean=187.11
2026-04-22 11:20:33,217 INFO epoch 114: train_loss=6.2502 val_loss=3.3459 tau=0.114 grad_max=468.00 grad_mean=194.70
2026-04-22 11:20:41,564 INFO epoch 115: train_loss=6.2220 val_loss=3.3645 tau=0.113 grad_max=518.95 grad_mean=189.85
2026-04-22 11:20:49,454 INFO epoch 116: train_loss=6.2246 val_loss=3.4011 tau=0.114 grad_max=579.25 grad_mean=194.40
2026-04-22 11:20:57,237 INFO epoch 117: train_loss=6.2283 val_loss=3.3304 tau=0.113 grad_max=557.04 grad_mean=199.08
2026-04-22 11:21:05,621 INFO epoch 118: train_loss=6.1974 val_loss=3.3510 tau=0.112 grad_max=474.33 grad_mean=186.23
2026-04-22 11:21:16,259 INFO epoch 119: train_loss=6.1965 val_loss=3.3359 tau=0.112 grad_max=591.69 grad_mean=183.96
2026-04-22 11:21:26,501 INFO epoch 120: train_loss=6.2038 val_loss=3.3316 tau=0.111 grad_max=612.99 grad_mean=191.45
2026-04-22 11:21:35,863 INFO epoch 121: train_loss=6.1571 val_loss=3.3294 tau=0.111 grad_max=578.66 grad_mean=180.48
2026-04-22 11:21:45,340 INFO epoch 122: train_loss=6.1612 val_loss=3.3161 tau=0.111 grad_max=465.46 grad_mean=182.07
2026-04-22 11:21:54,602 INFO epoch 123: train_loss=6.1697 val_loss=3.3473 tau=0.111 grad_max=561.37 grad_mean=187.86
2026-04-22 11:22:03,411 INFO epoch 124: train_loss=6.1446 val_loss=3.3334 tau=0.109 grad_max=446.08 grad_mean=179.37
2026-04-22 11:22:12,421 INFO epoch 125: train_loss=6.1364 val_loss=3.3388 tau=0.109 grad_max=511.28 grad_mean=177.19
2026-04-22 11:22:21,771 INFO epoch 126: train_loss=6.1461 val_loss=3.2867 tau=0.109 grad_max=477.87 grad_mean=190.47
2026-04-22 11:22:31,049 INFO epoch 127: train_loss=6.1403 val_loss=3.2885 tau=0.108 grad_max=485.02 grad_mean=195.60
2026-04-22 11:22:39,623 INFO epoch 128: train_loss=6.1083 val_loss=3.2920 tau=0.107 grad_max=564.77 grad_mean=174.75
2026-04-22 11:22:47,735 INFO epoch 129: train_loss=6.1102 val_loss=3.3103 tau=0.108 grad_max=504.11 grad_mean=179.97
2026-04-22 11:22:56,761 INFO epoch 130: train_loss=6.1054 val_loss=3.3100 tau=0.107 grad_max=561.02 grad_mean=177.36
2026-04-22 11:23:05,235 INFO epoch 131: train_loss=6.0848 val_loss=3.2902 tau=0.106 grad_max=340.94 grad_mean=161.54
2026-04-22 11:23:13,701 INFO epoch 132: train_loss=6.0794 val_loss=3.2595 tau=0.105 grad_max=563.66 grad_mean=173.75
2026-04-22 11:23:21,973 INFO epoch 133: train_loss=6.0767 val_loss=3.2818 tau=0.106 grad_max=591.75 grad_mean=171.04
2026-04-22 11:23:30,167 INFO epoch 134: train_loss=6.0650 val_loss=3.2688 tau=0.105 grad_max=479.95 grad_mean=159.43
2026-04-22 11:23:38,726 INFO epoch 135: train_loss=6.0591 val_loss=3.2960 tau=0.105 grad_max=463.54 grad_mean=163.35
2026-04-22 11:23:47,201 INFO epoch 136: train_loss=6.0476 val_loss=3.2788 tau=0.106 grad_max=388.48 grad_mean=156.77
2026-04-22 11:23:55,922 INFO epoch 137: train_loss=6.0472 val_loss=3.2631 tau=0.106 grad_max=441.29 grad_mean=169.54
2026-04-22 11:24:04,676 INFO epoch 138: train_loss=6.0349 val_loss=3.2435 tau=0.106 grad_max=392.20 grad_mean=163.93
2026-04-22 11:24:13,332 INFO epoch 139: train_loss=6.0234 val_loss=3.2338 tau=0.105 grad_max=367.96 grad_mean=149.67
2026-04-22 11:24:22,185 INFO epoch 140: train_loss=6.0291 val_loss=3.2315 tau=0.105 grad_max=364.97 grad_mean=151.23
2026-04-22 11:24:31,424 INFO epoch 141: train_loss=6.0183 val_loss=3.2891 tau=0.106 grad_max=438.24 grad_mean=155.04
2026-04-22 11:24:40,975 INFO epoch 142: train_loss=6.0061 val_loss=3.2428 tau=0.104 grad_max=450.10 grad_mean=150.58
2026-04-22 11:24:49,980 INFO epoch 143: train_loss=5.9977 val_loss=3.2783 tau=0.103 grad_max=319.49 grad_mean=148.20
2026-04-22 11:24:58,422 INFO epoch 144: train_loss=5.9961 val_loss=3.2630 tau=0.103 grad_max=410.55 grad_mean=164.75
2026-04-22 11:25:06,591 INFO epoch 145: train_loss=5.9879 val_loss=3.2487 tau=0.103 grad_max=418.27 grad_mean=156.98
2026-04-22 11:25:14,500 INFO epoch 146: train_loss=5.9806 val_loss=3.2072 tau=0.102 grad_max=409.09 grad_mean=146.63
2026-04-22 11:25:22,810 INFO epoch 147: train_loss=5.9779 val_loss=3.2035 tau=0.101 grad_max=403.99 grad_mean=147.82
2026-04-22 11:25:31,033 INFO epoch 148: train_loss=5.9688 val_loss=3.2067 tau=0.101 grad_max=431.37 grad_mean=143.37
2026-04-22 11:25:39,324 INFO epoch 149: train_loss=5.9590 val_loss=3.2074 tau=0.101 grad_max=351.19 grad_mean=137.24
2026-04-22 11:25:47,855 INFO epoch 150: train_loss=5.9598 val_loss=3.2221 tau=0.101 grad_max=368.68 grad_mean=147.63
2026-04-22 11:25:56,425 INFO epoch 151: train_loss=5.9510 val_loss=3.2151 tau=0.100 grad_max=363.63 grad_mean=140.67
2026-04-22 11:26:04,778 INFO epoch 152: train_loss=5.9422 val_loss=3.1905 tau=0.100 grad_max=419.62 grad_mean=135.14
2026-04-22 11:26:12,930 INFO epoch 153: train_loss=5.9359 val_loss=3.1963 tau=0.099 grad_max=357.50 grad_mean=129.49
2026-04-22 11:26:20,996 INFO epoch 154: train_loss=5.9316 val_loss=3.1922 tau=0.100 grad_max=362.20 grad_mean=120.33
2026-04-22 11:26:29,176 INFO epoch 155: train_loss=5.9249 val_loss=3.1825 tau=0.099 grad_max=311.38 grad_mean=128.05
2026-04-22 11:26:37,490 INFO epoch 156: train_loss=5.9256 val_loss=3.1767 tau=0.098 grad_max=375.52 grad_mean=125.51
2026-04-22 11:26:45,928 INFO epoch 157: train_loss=5.9207 val_loss=3.1920 tau=0.098 grad_max=364.27 grad_mean=122.96
2026-04-22 11:26:54,115 INFO epoch 158: train_loss=5.9152 val_loss=3.1994 tau=0.097 grad_max=336.38 grad_mean=124.02
2026-04-22 11:27:02,322 INFO epoch 159: train_loss=5.9161 val_loss=3.1816 tau=0.097 grad_max=281.69 grad_mean=116.57
2026-04-22 11:27:10,623 INFO epoch 160: train_loss=5.9070 val_loss=3.1999 tau=0.097 grad_max=278.03 grad_mean=105.25
2026-04-22 11:27:19,361 INFO epoch 161: train_loss=5.9028 val_loss=3.1895 tau=0.097 grad_max=333.84 grad_mean=121.06
2026-04-22 11:27:27,807 INFO epoch 162: train_loss=5.9018 val_loss=3.1694 tau=0.097 grad_max=325.43 grad_mean=115.22
2026-04-22 11:27:36,277 INFO epoch 163: train_loss=5.9056 val_loss=3.1778 tau=0.097 grad_max=327.22 grad_mean=122.24
2026-04-22 11:27:44,503 INFO epoch 164: train_loss=5.8959 val_loss=3.1716 tau=0.097 grad_max=269.04 grad_mean=109.00
2026-04-22 11:27:52,856 INFO epoch 165: train_loss=5.8867 val_loss=3.1789 tau=0.097 grad_max=289.56 grad_mean=107.20
2026-04-22 11:28:01,313 INFO epoch 166: train_loss=5.8862 val_loss=3.1694 tau=0.096 grad_max=307.26 grad_mean=108.60
2026-04-22 11:28:09,585 INFO epoch 167: train_loss=5.8838 val_loss=3.1559 tau=0.096 grad_max=261.23 grad_mean=102.68
2026-04-22 11:28:17,994 INFO epoch 168: train_loss=5.8795 val_loss=3.1615 tau=0.096 grad_max=289.92 grad_mean=106.80
2026-04-22 11:28:26,621 INFO epoch 169: train_loss=5.8756 val_loss=3.1617 tau=0.096 grad_max=221.93 grad_mean=101.32
2026-04-22 11:28:34,993 INFO epoch 170: train_loss=5.8746 val_loss=3.1632 tau=0.096 grad_max=256.03 grad_mean=103.63
2026-04-22 11:28:43,275 INFO epoch 171: train_loss=5.8754 val_loss=3.1608 tau=0.096 grad_max=297.52 grad_mean=100.12
2026-04-22 11:28:51,789 INFO epoch 172: train_loss=5.8720 val_loss=3.1567 tau=0.096 grad_max=288.64 grad_mean=110.97
2026-04-22 11:29:00,053 INFO epoch 173: train_loss=5.8664 val_loss=3.1529 tau=0.097 grad_max=290.87 grad_mean=97.25
2026-04-22 11:29:08,507 INFO epoch 174: train_loss=5.8654 val_loss=3.1516 tau=0.097 grad_max=201.82 grad_mean=93.75
2026-04-22 11:29:17,373 INFO epoch 175: train_loss=5.8620 val_loss=3.1632 tau=0.097 grad_max=213.09 grad_mean=93.01
2026-04-22 11:29:26,227 INFO epoch 176: train_loss=5.8593 val_loss=3.1537 tau=0.097 grad_max=197.52 grad_mean=89.87
2026-04-22 11:29:34,708 INFO epoch 177: train_loss=5.8572 val_loss=3.1510 tau=0.097 grad_max=206.69 grad_mean=87.40
2026-04-22 11:29:43,054 INFO epoch 178: train_loss=5.8559 val_loss=3.1573 tau=0.097 grad_max=182.16 grad_mean=86.97
2026-04-22 11:29:51,358 INFO epoch 179: train_loss=5.8534 val_loss=3.1536 tau=0.097 grad_max=179.07 grad_mean=84.89
2026-04-22 11:29:59,593 INFO epoch 180: train_loss=5.8509 val_loss=3.1487 tau=0.097 grad_max=189.06 grad_mean=79.51
2026-04-22 11:30:08,297 INFO epoch 181: train_loss=5.8502 val_loss=3.1501 tau=0.097 grad_max=220.48 grad_mean=82.28
2026-04-22 11:30:17,330 INFO epoch 182: train_loss=5.8495 val_loss=3.1459 tau=0.098 grad_max=200.19 grad_mean=80.61
2026-04-22 11:30:26,134 INFO epoch 183: train_loss=5.8444 val_loss=3.1428 tau=0.098 grad_max=168.44 grad_mean=79.16
2026-04-22 11:30:34,931 INFO epoch 184: train_loss=5.8437 val_loss=3.1519 tau=0.098 grad_max=173.69 grad_mean=72.84
2026-04-22 11:30:43,904 INFO epoch 185: train_loss=5.8418 val_loss=3.1424 tau=0.098 grad_max=174.84 grad_mean=76.47
2026-04-22 11:30:53,301 INFO epoch 186: train_loss=5.8439 val_loss=3.1435 tau=0.098 grad_max=192.91 grad_mean=72.65
2026-04-22 11:31:02,151 INFO epoch 187: train_loss=5.8403 val_loss=3.1434 tau=0.098 grad_max=177.16 grad_mean=70.38
2026-04-22 11:31:10,560 INFO epoch 188: train_loss=5.8383 val_loss=3.1444 tau=0.098 grad_max=164.41 grad_mean=67.43
2026-04-22 11:31:18,722 INFO epoch 189: train_loss=5.8423 val_loss=3.1417 tau=0.098 grad_max=175.65 grad_mean=73.93
2026-04-22 11:31:27,069 INFO epoch 190: train_loss=5.8424 val_loss=3.1427 tau=0.098 grad_max=189.92 grad_mean=73.69
2026-04-22 11:31:35,465 INFO epoch 191: train_loss=5.8353 val_loss=3.1417 tau=0.098 grad_max=158.13 grad_mean=68.91
2026-04-22 11:31:43,965 INFO epoch 192: train_loss=5.8331 val_loss=3.1411 tau=0.098 grad_max=166.11 grad_mean=67.71
2026-04-22 11:31:52,260 INFO epoch 193: train_loss=5.8335 val_loss=3.1399 tau=0.098 grad_max=150.90 grad_mean=66.80
2026-04-22 11:32:00,759 INFO epoch 194: train_loss=5.8325 val_loss=3.1398 tau=0.098 grad_max=133.04 grad_mean=65.40
2026-04-22 11:32:09,146 INFO epoch 195: train_loss=5.8335 val_loss=3.1403 tau=0.098 grad_max=127.69 grad_mean=61.96
2026-04-22 11:32:17,406 INFO epoch 196: train_loss=5.8346 val_loss=3.1409 tau=0.098 grad_max=129.09 grad_mean=61.23
2026-04-22 11:32:25,736 INFO epoch 197: train_loss=5.8296 val_loss=3.1396 tau=0.098 grad_max=134.87 grad_mean=61.88
2026-04-22 11:32:34,011 INFO epoch 198: train_loss=5.8299 val_loss=3.1397 tau=0.098 grad_max=127.70 grad_mean=59.10
2026-04-22 11:32:42,342 INFO epoch 199: train_loss=5.8285 val_loss=3.1396 tau=0.098 grad_max=150.93 grad_mean=60.79
2026-04-22 11:32:42,416 INFO member seed=3: best_val_loss=3.1396 at epoch 197
2026-04-22 11:32:42,417 INFO === training joint-ensemble member seed=4 ===
2026-04-22 11:32:57,799 INFO dropping 13906/292948 rows with NaN in XP features
2026-04-22 11:32:59,935 INFO fit label scaler on 195295 train stars — Teff mean=4614.9 scale=267.5, logg mean=2.36 scale=0.52, [M/H] mean=-0.26 scale=0.34
2026-04-22 11:33:00,337 INFO momentum queue enabled: size=8192, D=32, n_labels=5, warm_start=True
2026-04-22 11:33:08,815 INFO epoch 0: train_loss=9.8683 val_loss=9.3198 tau=0.100 grad_max=73.58 grad_mean=3.36
2026-04-22 11:33:09,259 INFO first-epoch sanity teff_apogee: mean_pred=4623 mean_truth=4615 std_truth=267.6 dev=8.592
2026-04-22 11:33:09,260 INFO first-epoch sanity logg_apogee: mean_pred=2.382 mean_truth=2.362 std_truth=0.5159 dev=0.02036
2026-04-22 11:33:09,260 INFO first-epoch sanity mh_apogee: mean_pred=-0.2452 mean_truth=-0.2572 std_truth=0.3443 dev=0.01201
2026-04-22 11:33:09,261 INFO first-epoch sanity alpha_m_apogee: mean_pred=0.08582 mean_truth=0.0866 std_truth=0.09543 dev=0.000786
2026-04-22 11:33:09,261 INFO first-epoch sanity mg_h_apogee: mean_pred=-0.1411 mean_truth=-0.1514 std_truth=0.2902 dev=0.01031
2026-04-22 11:33:17,763 INFO epoch 1: train_loss=9.6756 val_loss=9.3947 tau=0.098 grad_max=9.35 grad_mean=2.84
2026-04-22 11:33:26,144 INFO epoch 2: train_loss=9.6523 val_loss=9.5550 tau=0.098 grad_max=9.07 grad_mean=3.11
2026-04-22 11:33:34,460 INFO epoch 3: train_loss=9.6484 val_loss=9.3843 tau=0.096 grad_max=11.00 grad_mean=3.29
2026-04-22 11:33:42,622 INFO epoch 4: train_loss=9.6224 val_loss=8.2847 tau=0.097 grad_max=13.40 grad_mean=3.36
2026-04-22 11:33:50,940 INFO epoch 5: train_loss=9.5382 val_loss=8.2832 tau=0.101 grad_max=12.22 grad_mean=4.59
2026-04-22 11:33:59,197 INFO epoch 6: train_loss=9.4392 val_loss=7.8853 tau=0.103 grad_max=28.05 grad_mean=7.59
2026-04-22 11:34:07,604 INFO epoch 7: train_loss=9.3265 val_loss=7.5552 tau=0.105 grad_max=77.77 grad_mean=15.43
2026-04-22 11:34:15,911 INFO epoch 8: train_loss=9.2080 val_loss=7.2279 tau=0.107 grad_max=116.91 grad_mean=34.98
2026-04-22 11:34:24,271 INFO epoch 9: train_loss=9.1167 val_loss=6.9890 tau=0.108 grad_max=276.18 grad_mean=65.29
2026-04-22 11:34:32,874 INFO epoch 10: train_loss=9.0221 val_loss=6.6774 tau=0.109 grad_max=363.32 grad_mean=83.66
2026-04-22 11:34:40,992 INFO epoch 11: train_loss=8.9450 val_loss=6.4740 tau=0.110 grad_max=434.40 grad_mean=115.01
2026-04-22 11:34:49,636 INFO epoch 12: train_loss=8.8777 val_loss=6.4616 tau=0.110 grad_max=470.47 grad_mean=138.65
2026-04-22 11:34:57,877 INFO epoch 13: train_loss=8.8202 val_loss=6.2715 tau=0.111 grad_max=556.67 grad_mean=165.09
2026-04-22 11:35:05,792 INFO epoch 14: train_loss=8.8267 val_loss=6.0975 tau=0.111 grad_max=832.38 grad_mean=279.71
2026-04-22 11:35:14,114 INFO epoch 15: train_loss=8.7643 val_loss=6.0761 tau=0.111 grad_max=908.08 grad_mean=267.24
2026-04-22 11:35:22,585 INFO epoch 16: train_loss=8.7557 val_loss=6.0059 tau=0.112 grad_max=1113.35 grad_mean=348.79
2026-04-22 11:35:30,996 INFO epoch 17: train_loss=8.7720 val_loss=5.9488 tau=0.113 grad_max=885.22 grad_mean=451.32
2026-04-22 11:35:39,571 INFO epoch 18: train_loss=8.7621 val_loss=5.8974 tau=0.114 grad_max=799.61 grad_mean=446.73
2026-04-22 11:35:48,000 INFO epoch 19: train_loss=8.7470 val_loss=5.9227 tau=0.114 grad_max=870.61 grad_mean=439.11
2026-04-22 11:35:56,185 INFO epoch 20: train_loss=8.7291 val_loss=5.8870 tau=0.115 grad_max=866.69 grad_mean=427.20
2026-04-22 11:36:04,615 INFO epoch 21: train_loss=8.6761 val_loss=5.9258 tau=0.116 grad_max=926.72 grad_mean=393.10
2026-04-22 11:36:12,877 INFO epoch 22: train_loss=8.6832 val_loss=5.8814 tau=0.118 grad_max=1134.39 grad_mean=363.58
2026-04-22 11:36:21,368 INFO epoch 23: train_loss=8.6129 val_loss=5.6255 tau=0.117 grad_max=842.50 grad_mean=381.81
2026-04-22 11:36:29,946 INFO epoch 24: train_loss=8.4499 val_loss=5.7021 tau=0.117 grad_max=833.50 grad_mean=351.50
2026-04-22 11:36:44,352 INFO epoch 25: train_loss=8.3560 val_loss=5.2692 tau=0.117 grad_max=997.84 grad_mean=389.33
2026-04-22 11:36:53,227 INFO epoch 26: train_loss=8.2780 val_loss=5.1074 tau=0.122 grad_max=1461.05 grad_mean=413.91
2026-04-22 11:37:01,617 INFO epoch 27: train_loss=8.1064 val_loss=4.8884 tau=0.124 grad_max=1546.65 grad_mean=487.75
2026-04-22 11:37:09,838 INFO epoch 28: train_loss=7.9628 val_loss=4.7699 tau=0.123 grad_max=1674.24 grad_mean=484.00
2026-04-22 11:37:17,893 INFO epoch 29: train_loss=7.9025 val_loss=5.1989 tau=0.122 grad_max=1374.79 grad_mean=504.85
2026-04-22 11:37:26,142 INFO epoch 30: train_loss=7.9187 val_loss=4.7457 tau=0.122 grad_max=1628.32 grad_mean=516.97
2026-04-22 11:37:34,167 INFO epoch 31: train_loss=7.7844 val_loss=4.5542 tau=0.121 grad_max=1350.87 grad_mean=520.77
2026-04-22 11:37:42,189 INFO epoch 32: train_loss=7.6926 val_loss=4.7539 tau=0.121 grad_max=1400.59 grad_mean=501.37
2026-04-22 11:37:50,339 INFO epoch 33: train_loss=7.7935 val_loss=4.5396 tau=0.125 grad_max=1740.17 grad_mean=498.93
2026-04-22 11:37:58,853 INFO epoch 34: train_loss=7.5653 val_loss=4.5291 tau=0.123 grad_max=1158.31 grad_mean=503.80
2026-04-22 11:38:07,464 INFO epoch 35: train_loss=7.6399 val_loss=4.7931 tau=0.126 grad_max=1272.55 grad_mean=486.76
2026-04-22 11:38:15,793 INFO epoch 36: train_loss=7.5254 val_loss=4.7362 tau=0.126 grad_max=1399.86 grad_mean=476.87
2026-04-22 11:38:24,277 INFO epoch 37: train_loss=7.4945 val_loss=4.3392 tau=0.123 grad_max=967.42 grad_mean=461.24
2026-04-22 11:38:32,957 INFO epoch 38: train_loss=7.4295 val_loss=4.5425 tau=0.122 grad_max=857.32 grad_mean=429.98
2026-04-22 11:38:41,317 INFO epoch 39: train_loss=7.5038 val_loss=4.3102 tau=0.125 grad_max=933.70 grad_mean=436.51
2026-04-22 11:38:49,839 INFO epoch 40: train_loss=7.3754 val_loss=4.4721 tau=0.121 grad_max=763.97 grad_mean=426.86
2026-04-22 11:38:58,797 INFO epoch 41: train_loss=7.4565 val_loss=4.2474 tau=0.124 grad_max=1146.59 grad_mean=392.21
2026-04-22 11:39:07,919 INFO epoch 42: train_loss=7.4304 val_loss=4.3295 tau=0.128 grad_max=977.80 grad_mean=392.23
2026-04-22 11:39:16,574 INFO epoch 43: train_loss=7.3321 val_loss=4.1722 tau=0.130 grad_max=714.79 grad_mean=388.32
2026-04-22 11:39:25,354 INFO epoch 44: train_loss=7.2991 val_loss=4.2295 tau=0.132 grad_max=798.90 grad_mean=380.67
2026-04-22 11:39:34,151 INFO epoch 45: train_loss=7.3229 val_loss=4.4288 tau=0.139 grad_max=975.68 grad_mean=349.97
2026-04-22 11:39:43,341 INFO epoch 46: train_loss=7.2581 val_loss=4.1856 tau=0.135 grad_max=706.02 grad_mean=353.77
2026-04-22 11:39:52,057 INFO epoch 47: train_loss=7.3138 val_loss=4.1764 tau=0.140 grad_max=833.82 grad_mean=335.29
2026-04-22 11:40:00,830 INFO epoch 48: train_loss=7.2660 val_loss=4.0702 tau=0.137 grad_max=780.74 grad_mean=327.72
2026-04-22 11:40:09,764 INFO epoch 49: train_loss=7.1922 val_loss=4.1419 tau=0.138 grad_max=690.38 grad_mean=329.69
2026-04-22 11:40:19,185 INFO epoch 50: train_loss=7.1547 val_loss=4.1251 tau=0.136 grad_max=604.36 grad_mean=309.95
2026-04-22 11:40:28,114 INFO epoch 51: train_loss=7.1900 val_loss=4.1641 tau=0.138 grad_max=644.43 grad_mean=302.87
2026-04-22 11:40:36,676 INFO epoch 52: train_loss=7.1774 val_loss=4.5082 tau=0.134 grad_max=771.48 grad_mean=299.16
2026-04-22 11:40:44,849 INFO epoch 53: train_loss=7.1385 val_loss=4.0571 tau=0.133 grad_max=609.23 grad_mean=299.96
2026-04-22 11:40:53,643 INFO epoch 54: train_loss=7.1155 val_loss=4.0181 tau=0.134 grad_max=662.81 grad_mean=297.01
2026-04-22 11:41:01,899 INFO epoch 55: train_loss=7.0615 val_loss=4.0430 tau=0.130 grad_max=611.86 grad_mean=285.59
2026-04-22 11:41:10,177 INFO epoch 56: train_loss=7.0506 val_loss=3.9412 tau=0.131 grad_max=582.84 grad_mean=287.97
2026-04-22 11:41:18,416 INFO epoch 57: train_loss=7.0370 val_loss=4.0045 tau=0.130 grad_max=564.62 grad_mean=280.99
2026-04-22 11:41:26,899 INFO epoch 58: train_loss=7.0266 val_loss=3.9024 tau=0.128 grad_max=601.77 grad_mean=271.66
2026-04-22 11:41:35,220 INFO epoch 59: train_loss=6.9888 val_loss=3.9521 tau=0.123 grad_max=580.12 grad_mean=270.52
2026-04-22 11:41:43,801 INFO epoch 60: train_loss=6.9799 val_loss=4.0005 tau=0.130 grad_max=707.20 grad_mean=266.28
2026-04-22 11:41:52,217 INFO epoch 61: train_loss=6.9557 val_loss=3.8713 tau=0.129 grad_max=486.24 grad_mean=268.28
2026-04-22 11:42:00,803 INFO epoch 62: train_loss=6.9187 val_loss=4.2108 tau=0.131 grad_max=569.37 grad_mean=257.56
2026-04-22 11:42:09,398 INFO epoch 63: train_loss=6.9204 val_loss=3.8945 tau=0.128 grad_max=499.34 grad_mean=262.33
2026-04-22 11:42:18,015 INFO epoch 64: train_loss=6.8847 val_loss=3.7986 tau=0.128 grad_max=506.41 grad_mean=256.79
2026-04-22 11:42:26,382 INFO epoch 65: train_loss=6.9178 val_loss=3.9750 tau=0.133 grad_max=673.07 grad_mean=254.72
2026-04-22 11:42:34,657 INFO epoch 66: train_loss=6.8583 val_loss=3.8468 tau=0.132 grad_max=498.22 grad_mean=249.63
2026-04-22 11:42:42,954 INFO epoch 67: train_loss=6.8856 val_loss=3.7760 tau=0.132 grad_max=671.17 grad_mean=251.65
2026-04-22 11:42:51,289 INFO epoch 68: train_loss=6.8118 val_loss=3.7395 tau=0.132 grad_max=603.71 grad_mean=248.38
2026-04-22 11:42:59,803 INFO epoch 69: train_loss=6.8343 val_loss=3.7631 tau=0.134 grad_max=602.95 grad_mean=239.93
2026-04-22 11:43:08,012 INFO epoch 70: train_loss=6.8088 val_loss=3.7256 tau=0.131 grad_max=526.57 grad_mean=244.70
2026-04-22 11:43:16,297 INFO epoch 71: train_loss=6.8126 val_loss=3.7524 tau=0.132 grad_max=729.71 grad_mean=241.05
2026-04-22 11:43:24,527 INFO epoch 72: train_loss=6.7799 val_loss=3.8423 tau=0.131 grad_max=527.51 grad_mean=238.21
2026-04-22 11:43:32,781 INFO epoch 73: train_loss=6.7857 val_loss=3.7072 tau=0.131 grad_max=445.97 grad_mean=239.04
2026-04-22 11:43:41,349 INFO epoch 74: train_loss=6.7193 val_loss=3.7137 tau=0.130 grad_max=513.57 grad_mean=234.90
2026-04-22 11:43:49,647 INFO epoch 75: train_loss=6.7400 val_loss=3.7145 tau=0.131 grad_max=494.42 grad_mean=231.69
2026-04-22 11:43:57,815 INFO epoch 76: train_loss=6.7318 val_loss=3.7076 tau=0.132 grad_max=454.06 grad_mean=223.70
2026-04-22 11:44:05,793 INFO epoch 77: train_loss=6.7074 val_loss=3.6945 tau=0.128 grad_max=476.78 grad_mean=226.14
2026-04-22 11:44:13,693 INFO epoch 78: train_loss=6.6731 val_loss=3.7057 tau=0.128 grad_max=471.55 grad_mean=223.50
2026-04-22 11:44:21,592 INFO epoch 79: train_loss=6.6811 val_loss=3.7115 tau=0.130 grad_max=467.28 grad_mean=229.30
2026-04-22 11:44:29,854 INFO epoch 80: train_loss=6.6303 val_loss=3.6495 tau=0.129 grad_max=482.37 grad_mean=219.95
2026-04-22 11:44:38,594 INFO epoch 81: train_loss=6.6442 val_loss=3.7687 tau=0.131 grad_max=513.58 grad_mean=229.68
2026-04-22 11:44:46,935 INFO epoch 82: train_loss=6.6437 val_loss=3.6645 tau=0.129 grad_max=478.08 grad_mean=225.27
2026-04-22 11:44:55,591 INFO epoch 83: train_loss=6.6229 val_loss=3.5800 tau=0.129 grad_max=513.02 grad_mean=222.41
2026-04-22 11:45:03,660 INFO epoch 84: train_loss=6.5841 val_loss=3.6227 tau=0.125 grad_max=432.44 grad_mean=220.25
2026-04-22 11:45:11,982 INFO epoch 85: train_loss=6.5986 val_loss=3.6173 tau=0.126 grad_max=588.73 grad_mean=218.37
2026-04-22 11:45:20,185 INFO epoch 86: train_loss=6.6054 val_loss=3.5693 tau=0.126 grad_max=559.17 grad_mean=229.76
2026-04-22 11:45:28,309 INFO epoch 87: train_loss=6.5527 val_loss=3.6012 tau=0.127 grad_max=451.71 grad_mean=225.29
2026-04-22 11:45:36,681 INFO epoch 88: train_loss=6.5504 val_loss=3.5704 tau=0.131 grad_max=524.66 grad_mean=212.41
2026-04-22 11:45:45,203 INFO epoch 89: train_loss=6.5253 val_loss=3.6154 tau=0.128 grad_max=584.54 grad_mean=214.10
2026-04-22 11:45:53,562 INFO epoch 90: train_loss=6.5063 val_loss=3.5439 tau=0.127 grad_max=575.29 grad_mean=223.32
2026-04-22 11:46:01,798 INFO epoch 91: train_loss=6.4886 val_loss=3.5723 tau=0.125 grad_max=484.37 grad_mean=214.70
2026-04-22 11:46:10,039 INFO epoch 92: train_loss=6.4838 val_loss=3.5353 tau=0.125 grad_max=515.23 grad_mean=215.21
2026-04-22 11:46:18,281 INFO epoch 93: train_loss=6.4921 val_loss=3.5820 tau=0.126 grad_max=585.11 grad_mean=214.46
2026-04-22 11:46:26,699 INFO epoch 94: train_loss=6.4438 val_loss=3.5602 tau=0.122 grad_max=492.88 grad_mean=209.80
2026-04-22 11:46:35,210 INFO epoch 95: train_loss=6.4421 val_loss=3.4856 tau=0.122 grad_max=423.00 grad_mean=213.45
2026-04-22 11:46:43,719 INFO epoch 96: train_loss=6.4362 val_loss=3.4954 tau=0.122 grad_max=406.08 grad_mean=213.81
2026-04-22 11:46:52,375 INFO epoch 97: train_loss=6.4417 val_loss=3.6025 tau=0.120 grad_max=521.83 grad_mean=218.31
2026-04-22 11:47:01,133 INFO epoch 98: train_loss=6.4670 val_loss=3.4915 tau=0.119 grad_max=529.11 grad_mean=221.16
2026-04-22 11:47:09,885 INFO epoch 99: train_loss=6.3766 val_loss=3.5214 tau=0.117 grad_max=423.91 grad_mean=210.45
2026-04-22 11:47:18,690 INFO epoch 100: train_loss=6.4021 val_loss=3.4459 tau=0.117 grad_max=493.35 grad_mean=217.80
2026-04-22 11:47:26,944 INFO epoch 101: train_loss=6.3664 val_loss=3.4538 tau=0.116 grad_max=451.52 grad_mean=208.64
2026-04-22 11:47:35,096 INFO epoch 102: train_loss=6.3346 val_loss=3.4553 tau=0.116 grad_max=382.87 grad_mean=201.15
2026-04-22 11:47:43,260 INFO epoch 103: train_loss=6.3443 val_loss=3.4885 tau=0.118 grad_max=488.20 grad_mean=208.01
2026-04-22 11:47:51,333 INFO epoch 104: train_loss=6.3390 val_loss=3.5321 tau=0.119 grad_max=439.69 grad_mean=207.47
2026-04-22 11:47:59,515 INFO epoch 105: train_loss=6.3688 val_loss=3.4394 tau=0.120 grad_max=537.54 grad_mean=206.47
2026-04-22 11:48:07,966 INFO epoch 106: train_loss=6.3488 val_loss=3.4447 tau=0.120 grad_max=621.16 grad_mean=203.76
2026-04-22 11:48:15,963 INFO epoch 107: train_loss=6.3346 val_loss=3.3770 tau=0.116 grad_max=506.90 grad_mean=203.50
2026-04-22 11:48:23,987 INFO epoch 108: train_loss=6.3004 val_loss=3.5097 tau=0.115 grad_max=488.59 grad_mean=202.51
2026-04-22 11:48:32,023 INFO epoch 109: train_loss=6.2695 val_loss=3.4114 tau=0.114 grad_max=400.91 grad_mean=199.73
2026-04-22 11:48:40,167 INFO epoch 110: train_loss=6.2748 val_loss=3.3719 tau=0.115 grad_max=437.34 grad_mean=192.71
2026-04-22 11:48:48,370 INFO epoch 111: train_loss=6.2653 val_loss=3.4198 tau=0.117 grad_max=460.56 grad_mean=198.64
2026-04-22 11:48:57,438 INFO epoch 112: train_loss=6.2712 val_loss=3.3911 tau=0.116 grad_max=444.29 grad_mean=205.57
2026-04-22 11:49:06,094 INFO epoch 113: train_loss=6.2451 val_loss=3.3703 tau=0.117 grad_max=387.98 grad_mean=196.64
2026-04-22 11:49:14,954 INFO epoch 114: train_loss=6.2326 val_loss=3.3565 tau=0.116 grad_max=435.70 grad_mean=191.52
2026-04-22 11:49:23,540 INFO epoch 115: train_loss=6.2696 val_loss=3.3899 tau=0.117 grad_max=642.04 grad_mean=208.08
2026-04-22 11:49:32,403 INFO epoch 116: train_loss=6.2279 val_loss=3.3335 tau=0.117 grad_max=477.02 grad_mean=182.93
2026-04-22 11:49:41,852 INFO epoch 117: train_loss=6.2061 val_loss=3.3751 tau=0.114 grad_max=601.78 grad_mean=188.66
2026-04-22 11:49:51,202 INFO epoch 118: train_loss=6.2011 val_loss=3.3422 tau=0.113 grad_max=514.42 grad_mean=189.10
2026-04-22 11:49:59,499 INFO epoch 119: train_loss=6.1846 val_loss=3.3390 tau=0.114 grad_max=460.29 grad_mean=183.07
2026-04-22 11:50:07,820 INFO epoch 120: train_loss=6.2016 val_loss=3.4209 tau=0.115 grad_max=607.90 grad_mean=197.90
2026-04-22 11:50:16,196 INFO epoch 121: train_loss=6.1744 val_loss=3.3041 tau=0.114 grad_max=473.83 grad_mean=183.20
2026-04-22 11:50:24,553 INFO epoch 122: train_loss=6.1688 val_loss=3.3365 tau=0.112 grad_max=414.75 grad_mean=177.34
2026-04-22 11:50:32,710 INFO epoch 123: train_loss=6.1697 val_loss=3.3189 tau=0.111 grad_max=416.52 grad_mean=180.07
2026-04-22 11:50:40,990 INFO epoch 124: train_loss=6.1486 val_loss=3.3205 tau=0.110 grad_max=521.10 grad_mean=177.57
2026-04-22 11:50:49,861 INFO epoch 125: train_loss=6.1495 val_loss=3.3790 tau=0.112 grad_max=420.52 grad_mean=185.01
2026-04-22 11:50:57,968 INFO epoch 126: train_loss=6.1353 val_loss=3.2753 tau=0.112 grad_max=445.92 grad_mean=182.53
2026-04-22 11:51:06,275 INFO epoch 127: train_loss=6.1297 val_loss=3.3213 tau=0.111 grad_max=570.43 grad_mean=172.41
2026-04-22 11:51:14,780 INFO epoch 128: train_loss=6.1187 val_loss=3.3426 tau=0.111 grad_max=566.33 grad_mean=166.29
2026-04-22 11:51:23,118 INFO epoch 129: train_loss=6.1145 val_loss=3.3241 tau=0.109 grad_max=440.13 grad_mean=164.73
2026-04-22 11:51:31,301 INFO epoch 130: train_loss=6.1109 val_loss=3.2706 tau=0.110 grad_max=423.55 grad_mean=176.13
2026-04-22 11:51:40,042 INFO epoch 131: train_loss=6.0877 val_loss=3.2780 tau=0.111 grad_max=430.10 grad_mean=157.52
2026-04-22 11:51:48,255 INFO epoch 132: train_loss=6.0839 val_loss=3.2903 tau=0.111 grad_max=420.19 grad_mean=166.51
2026-04-22 11:51:56,576 INFO epoch 133: train_loss=6.0758 val_loss=3.3123 tau=0.111 grad_max=471.23 grad_mean=172.63
2026-04-22 11:52:04,757 INFO epoch 134: train_loss=6.0571 val_loss=3.3690 tau=0.112 grad_max=370.39 grad_mean=152.91
2026-04-22 11:52:12,886 INFO epoch 135: train_loss=6.0810 val_loss=3.2558 tau=0.111 grad_max=449.09 grad_mean=179.15
2026-04-22 11:52:23,224 INFO epoch 136: train_loss=6.0560 val_loss=3.2543 tau=0.109 grad_max=421.77 grad_mean=160.68
2026-04-22 11:52:32,057 INFO epoch 137: train_loss=6.0505 val_loss=3.2477 tau=0.110 grad_max=421.62 grad_mean=161.92
2026-04-22 11:52:41,403 INFO epoch 138: train_loss=6.0437 val_loss=3.2292 tau=0.110 grad_max=464.74 grad_mean=162.82
2026-04-22 11:52:50,533 INFO epoch 139: train_loss=6.0328 val_loss=3.2325 tau=0.110 grad_max=355.21 grad_mean=158.01
2026-04-22 11:52:59,388 INFO epoch 140: train_loss=6.0259 val_loss=3.2461 tau=0.109 grad_max=465.24 grad_mean=153.58
2026-04-22 11:53:08,063 INFO epoch 141: train_loss=6.0161 val_loss=3.2260 tau=0.108 grad_max=433.55 grad_mean=159.18
2026-04-22 11:53:17,131 INFO epoch 142: train_loss=6.0093 val_loss=3.2175 tau=0.108 grad_max=373.58 grad_mean=147.73
2026-04-22 11:53:25,755 INFO epoch 143: train_loss=6.0031 val_loss=3.2424 tau=0.106 grad_max=380.13 grad_mean=139.85
2026-04-22 11:53:34,526 INFO epoch 144: train_loss=6.0037 val_loss=3.2622 tau=0.104 grad_max=358.36 grad_mean=154.29
2026-04-22 11:53:43,296 INFO epoch 145: train_loss=5.9930 val_loss=3.2860 tau=0.104 grad_max=410.58 grad_mean=146.87
2026-04-22 11:53:52,788 INFO epoch 146: train_loss=5.9954 val_loss=3.2373 tau=0.104 grad_max=363.94 grad_mean=163.37
2026-04-22 11:54:01,967 INFO epoch 147: train_loss=5.9815 val_loss=3.2210 tau=0.104 grad_max=342.15 grad_mean=141.51
2026-04-22 11:54:10,339 INFO epoch 148: train_loss=5.9771 val_loss=3.2522 tau=0.105 grad_max=311.48 grad_mean=143.04
2026-04-22 11:54:18,241 INFO epoch 149: train_loss=5.9724 val_loss=3.1936 tau=0.105 grad_max=431.51 grad_mean=146.50
2026-04-22 11:54:26,511 INFO epoch 150: train_loss=5.9701 val_loss=3.2038 tau=0.105 grad_max=350.72 grad_mean=147.24
2026-04-22 11:54:34,711 INFO epoch 151: train_loss=5.9594 val_loss=3.2140 tau=0.106 grad_max=302.99 grad_mean=134.25
2026-04-22 11:54:42,882 INFO epoch 152: train_loss=5.9459 val_loss=3.2001 tau=0.105 grad_max=257.35 grad_mean=126.25
2026-04-22 11:54:51,107 INFO epoch 153: train_loss=5.9471 val_loss=3.1845 tau=0.104 grad_max=325.82 grad_mean=131.59
2026-04-22 11:54:59,378 INFO epoch 154: train_loss=5.9436 val_loss=3.1798 tau=0.103 grad_max=327.76 grad_mean=129.09
2026-04-22 11:55:07,588 INFO epoch 155: train_loss=5.9369 val_loss=3.1871 tau=0.103 grad_max=293.79 grad_mean=128.51
2026-04-22 11:55:16,108 INFO epoch 156: train_loss=5.9333 val_loss=3.2213 tau=0.103 grad_max=343.02 grad_mean=132.29
2026-04-22 11:55:24,558 INFO epoch 157: train_loss=5.9295 val_loss=3.1853 tau=0.103 grad_max=355.92 grad_mean=129.89
2026-04-22 11:55:32,888 INFO epoch 158: train_loss=5.9252 val_loss=3.1796 tau=0.103 grad_max=369.62 grad_mean=128.00
2026-04-22 11:55:41,143 INFO epoch 159: train_loss=5.9154 val_loss=3.1803 tau=0.103 grad_max=260.81 grad_mean=120.35
2026-04-22 11:55:49,524 INFO epoch 160: train_loss=5.9067 val_loss=3.1754 tau=0.102 grad_max=267.05 grad_mean=118.08
2026-04-22 11:55:57,931 INFO epoch 161: train_loss=5.9063 val_loss=3.1849 tau=0.102 grad_max=294.61 grad_mean=118.18
2026-04-22 11:56:06,153 INFO epoch 162: train_loss=5.9080 val_loss=3.1756 tau=0.102 grad_max=271.67 grad_mean=116.67
2026-04-22 11:56:14,572 INFO epoch 163: train_loss=5.8996 val_loss=3.1628 tau=0.102 grad_max=280.24 grad_mean=112.33
2026-04-22 11:56:23,044 INFO epoch 164: train_loss=5.8973 val_loss=3.1581 tau=0.102 grad_max=260.75 grad_mean=113.04
2026-04-22 11:56:31,261 INFO epoch 165: train_loss=5.8934 val_loss=3.1661 tau=0.102 grad_max=273.19 grad_mean=113.28
2026-04-22 11:56:39,618 INFO epoch 166: train_loss=5.8902 val_loss=3.1612 tau=0.102 grad_max=251.93 grad_mean=108.64
2026-04-22 11:56:47,802 INFO epoch 167: train_loss=5.8849 val_loss=3.1555 tau=0.102 grad_max=232.04 grad_mean=98.62
2026-04-22 11:56:55,997 INFO epoch 168: train_loss=5.8789 val_loss=3.1679 tau=0.102 grad_max=251.74 grad_mean=96.97
2026-04-22 11:57:04,282 INFO epoch 169: train_loss=5.8829 val_loss=3.1617 tau=0.102 grad_max=323.31 grad_mean=107.05
2026-04-22 11:57:12,687 INFO epoch 170: train_loss=5.8768 val_loss=3.1614 tau=0.102 grad_max=227.72 grad_mean=100.42
2026-04-22 11:57:20,849 INFO epoch 171: train_loss=5.8766 val_loss=3.1659 tau=0.102 grad_max=265.13 grad_mean=99.40
2026-04-22 11:57:29,437 INFO epoch 172: train_loss=5.8696 val_loss=3.1608 tau=0.101 grad_max=263.23 grad_mean=99.39
2026-04-22 11:57:38,044 INFO epoch 173: train_loss=5.8619 val_loss=3.1508 tau=0.101 grad_max=226.77 grad_mean=90.09
2026-04-22 11:57:46,443 INFO epoch 174: train_loss=5.8678 val_loss=3.1489 tau=0.101 grad_max=226.22 grad_mean=95.92
2026-04-22 11:57:54,803 INFO epoch 175: train_loss=5.8661 val_loss=3.1551 tau=0.101 grad_max=220.52 grad_mean=86.22
2026-04-22 11:58:03,082 INFO epoch 176: train_loss=5.8598 val_loss=3.1542 tau=0.100 grad_max=209.53 grad_mean=89.70
2026-04-22 11:58:11,918 INFO epoch 177: train_loss=5.8586 val_loss=3.1510 tau=0.100 grad_max=208.36 grad_mean=85.28
2026-04-22 11:58:20,350 INFO epoch 178: train_loss=5.8578 val_loss=3.1474 tau=0.100 grad_max=210.07 grad_mean=87.50
2026-04-22 11:58:28,669 INFO epoch 179: train_loss=5.8570 val_loss=3.1459 tau=0.100 grad_max=228.30 grad_mean=91.56
2026-04-22 11:58:37,130 INFO epoch 180: train_loss=5.8538 val_loss=3.1461 tau=0.099 grad_max=196.16 grad_mean=83.26
2026-04-22 11:58:45,562 INFO epoch 181: train_loss=5.8501 val_loss=3.1438 tau=0.099 grad_max=231.07 grad_mean=78.68
2026-04-22 11:58:54,573 INFO epoch 182: train_loss=5.8490 val_loss=3.1479 tau=0.099 grad_max=191.38 grad_mean=81.18
2026-04-22 11:59:03,248 INFO epoch 183: train_loss=5.8485 val_loss=3.1424 tau=0.099 grad_max=234.54 grad_mean=86.56
2026-04-22 11:59:12,253 INFO epoch 184: train_loss=5.8500 val_loss=3.1403 tau=0.099 grad_max=174.69 grad_mean=78.09
2026-04-22 11:59:21,403 INFO epoch 185: train_loss=5.8452 val_loss=3.1409 tau=0.099 grad_max=228.07 grad_mean=83.53
2026-04-22 11:59:30,333 INFO epoch 186: train_loss=5.8388 val_loss=3.1405 tau=0.099 grad_max=186.54 grad_mean=81.36
2026-04-22 11:59:39,057 INFO epoch 187: train_loss=5.8443 val_loss=3.1366 tau=0.099 grad_max=204.34 grad_mean=79.38
2026-04-22 11:59:48,008 INFO epoch 188: train_loss=5.8433 val_loss=3.1396 tau=0.099 grad_max=197.68 grad_mean=81.97
2026-04-22 11:59:57,521 INFO epoch 189: train_loss=5.8428 val_loss=3.1399 tau=0.099 grad_max=185.09 grad_mean=73.78
2026-04-22 12:00:10,010 INFO epoch 190: train_loss=5.8411 val_loss=3.1385 tau=0.099 grad_max=161.32 grad_mean=71.65
2026-04-22 12:00:20,341 INFO epoch 191: train_loss=5.8360 val_loss=3.1375 tau=0.099 grad_max=186.73 grad_mean=71.75
2026-04-22 12:00:28,386 INFO epoch 192: train_loss=5.8395 val_loss=3.1365 tau=0.099 grad_max=180.69 grad_mean=74.87
2026-04-22 12:00:36,580 INFO epoch 193: train_loss=5.8356 val_loss=3.1364 tau=0.099 grad_max=139.84 grad_mean=64.72
2026-04-22 12:00:45,040 INFO epoch 194: train_loss=5.8322 val_loss=3.1370 tau=0.099 grad_max=147.99 grad_mean=64.50
2026-04-22 12:00:53,232 INFO epoch 195: train_loss=5.8334 val_loss=3.1362 tau=0.099 grad_max=138.60 grad_mean=64.63
2026-04-22 12:01:01,508 INFO epoch 196: train_loss=5.8315 val_loss=3.1363 tau=0.099 grad_max=127.52 grad_mean=62.40
2026-04-22 12:01:09,757 INFO epoch 197: train_loss=5.8337 val_loss=3.1360 tau=0.099 grad_max=144.01 grad_mean=62.31
2026-04-22 12:01:17,896 INFO epoch 198: train_loss=5.8316 val_loss=3.1360 tau=0.099 grad_max=139.69 grad_mean=58.41
2026-04-22 12:01:26,027 INFO epoch 199: train_loss=5.8306 val_loss=3.1362 tau=0.099 grad_max=119.03 grad_mean=56.32
2026-04-22 12:01:26,106 INFO member seed=4: best_val_loss=3.1360 at epoch 197
2026-04-22 12:01:26,156 INFO joint ensemble done: mean val loss=3.1428, spread=0.0165, 5 members
